train/n_updates,train/learning_rate,time/fps,time/time_elapsed,time/episodes,rollout/ep_len_mean,train/loss,time/total_timesteps,rollout/ep_rew_mean,rollout/exploration_rate
1524,0.001,739,9,4,1774.75,7.374893812084338e-06,7099,0.015583499999999997,0.6707006835937479
2619,0.001,944,12,8,1434.75,6.920103260199539e-06,11478,-0.022908250000000005,0.4675732421875023
4091,0.001,1107,15,12,1447.0833333333333,7.629541869391687e-06,17365,-0.01597783333333334,0.19449462890624958
5355,0.001,1194,18,16,1401.4375,6.096697688917629e-06,22423,-0.021186625,0.05
6431,0.001,1246,21,20,1336.3,9.076839887711685e-06,26726,-0.0338542,0.05
7257,0.001,1277,23,24,1251.2916666666667,4.36374029959552e-05,30031,-0.047409625000000004,0.05
8599,0.001,1320,26,28,1264.2142857142858,0.00013902071805205196,35398,-0.04972157142857143,0.05
9837,0.001,1351,29,32,1260.9375,2.8525711968541145e-05,40350,-0.050065187500000004,0.05
11083,0.001,1376,32,36,1259.2777777777778,2.228391622338677e-06,45334,-0.05189197222222222,0.05
12664,0.001,1207,42,40,1291.45,4.050602001370862e-06,51658,-0.0494375,0.05
13944,0.001,1235,45,44,1290.409090909091,5.997531388857169e-06,56778,-0.05076202272727273,0.05
15419,0.001,1263,49,48,1305.7916666666667,1.1734133295249194e-05,62678,-0.05163777083333334,0.05
16743,0.001,1285,52,52,1307.173076923077,9.254099495592527e-06,67973,-0.0518013076923077,0.05
18073,0.001,1304,56,56,1308.8035714285713,7.303552592929918e-06,73293,-0.05283646428571428,0.05
19568,0.001,1323,59,60,1321.2166666666667,1.6570451407460496e-05,79273,-0.048849866666666665,0.05
20584,0.001,1334,62,64,1302.140625,1.7877369828056544e-05,83337,-0.053365015625,0.05
21831,0.001,1346,65,68,1298.8970588235295,1.3975244655739516e-05,88325,-0.05384710294117647,0.05
22808,0.001,1355,68,72,1281.0416666666667,2.9097111109877005e-05,92235,-0.05650443055555557,0.05
24040,0.001,1366,71,76,1278.4605263157894,1.3938775737187825e-05,97163,-0.05704757894736843,0.05
25547,0.001,1183,87,80,1289.8625,0.00041391048580408096,103189,-0.05530112499999999,0.05
26767,0.001,1197,90,84,1286.5595238095239,3.755013312911615e-05,108071,-0.05514613095238096,0.05
28231,0.001,1213,93,88,1294.6363636363637,7.454949354723794e-06,113928,-0.054921625,0.05
29486,0.001,1226,96,92,1292.891304347826,0.0008060236577875912,118946,-0.05431482608695652,0.05
30441,0.001,1236,99,96,1278.8125,2.0346893506939523e-05,122766,-0.05692564583333334,0.05
31888,0.001,1249,102,100,1285.56,1.958713255589828e-05,128556,-0.05724328000000001,0.05
32995,0.001,1258,105,104,1258.83,2.497319110261742e-05,132982,-0.06055358,0.05
33978,0.001,1266,108,108,1254.38,2.3751852495479397e-05,136916,-0.06316039,0.05
35028,0.001,1274,110,112,1237.51,1.4208479115040973e-05,141116,-0.06726571999999999,0.05
36277,0.001,1283,113,116,1236.87,2.6817111574928276e-05,146110,-0.07054275,0.05
37948,0.001,1295,117,120,1260.68,4.053322845720686e-05,152794,-0.06582893000000001,0.05
39104,0.001,1243,126,124,1273.87,2.551691977714654e-05,157418,-0.06340934000000001,0.05
40330,0.001,1251,129,128,1269.23,1.875937232398428e-05,162321,-0.0635916,0.05
41567,0.001,1260,132,132,1269.19,5.318364128470421e-05,167269,-0.06394852000000001,0.05
43030,0.001,1269,136,136,1277.87,2.8527794711408205e-05,173121,-0.06104464999999999,0.05
44481,0.001,1278,139,140,1272.68,3.397876935196109e-05,178926,-0.061494450000000006,0.05
45881,0.001,1286,143,144,1277.49,0.00020540080731734633,184527,-0.05972238,0.05
47185,0.001,1293,146,148,1270.64,0.00032969797030091286,189742,-0.05900487000000001,0.05
48498,0.001,1300,149,152,1270.2,3.381830174475908e-05,194993,-0.05792677000000001,0.05
49552,0.001,1305,152,156,1259.18,3.6920984712196514e-05,199211,-0.05886559999999999,0.05
50764,0.001,1311,155,160,1247.85,2.501142989785876e-05,204058,-0.061690970000000005,0.05
52072,0.001,1271,164,164,1259.54,3.250446752645075e-05,209291,-0.058609699999999994,0.05
53803,0.001,1280,168,168,1278.9,3.218721758457832e-05,216215,-0.052996499999999995,0.05
55072,0.001,1286,172,172,1290.54,4.0834212995832786e-05,221289,-0.05191725999999999,0.05
56363,0.001,1287,175,176,1292.92,3.5037341149291024e-05,226455,-0.05130735999999999,0.05
57947,0.001,1289,180,180,1296.02,2.3151733330450952e-05,232791,-0.05044938,0.05
59554,0.001,1291,185,184,1311.47,2.688464883249253e-05,239218,-0.0467263,0.05
60966,0.001,1293,189,188,1309.39,7.253968942677602e-05,244867,-0.04611174,0.05
62810,0.001,1295,194,192,1332.95,4.983579128747806e-05,252241,-0.04135083,0.05
64334,0.001,1259,205,196,1355.73,4.939086647937074e-05,258339,-0.03546242,0.05
65730,0.001,1261,209,200,1353.65,0.00010984723485307768,263921,-0.03335324,0.05
67303,0.001,1265,213,204,1372.31,0.0002600642037577927,270213,-0.029942349999999996,0.05
69052,0.001,1269,218,208,1402.94,9.20649545150809e-05,277210,-0.022643559999999997,0.05
70689,0.001,1273,222,212,1426.44,0.0007052342407405376,283760,-0.01713467,0.05
72199,0.001,1276,226,216,1436.88,0.0003131249104626477,289798,-0.01185123,0.05
73847,0.001,1277,232,220,1435.95,5.944690201431513e-05,296389,-0.012303,0.05
75396,0.001,1279,236,224,1451.68,7.720314897596836e-05,302586,-0.009934979999999998,0.05
77574,0.001,1221,254,228,1489.78,2.8536091122077778e-05,311299,-0.004178800000000002,0.05
79487,0.001,1223,260,232,1516.82,3.475352787063457e-05,318951,0.0007863699999999997,0.05
81782,0.001,1222,268,236,1550.11,5.802859959658235e-05,328132,0.004463659999999998,0.05
83913,0.001,1222,275,240,1577.29,0.00026128723402507603,336655,0.009826719999999999,0.05
85917,0.001,1223,281,244,1601.43,0.0006116174045018852,344670,0.012412570000000001,0.05
87426,0.001,1225,286,248,1609.64,0.00022642334806732833,350706,0.01398327,0.05
88783,0.001,1228,289,252,1611.42,0.0012341795954853296,356135,0.013746139999999997,0.05
89649,0.001,1201,299,256,1603.89,0.0004686315660364926,359600,0.013088709999999998,0.05
90432,0.001,1198,302,260,1586.72,0.00039971625665202737,362730,0.010514970000000002,0.05
91300,0.001,1196,306,264,1569.1,0.00022291846107691526,366201,0.007509160000000002,0.05
92725,0.001,1192,311,268,1556.89,0.0001896703615784645,371904,0.003648580000000001,0.05
93631,0.001,1189,315,272,1542.37,0.0002973398077301681,375526,0.0021870200000000013,0.05
94327,0.001,1188,318,276,1518.57,0.0015171400737017393,378312,-0.0011228900000000012,0.05
95450,0.001,1187,322,280,1500.12,0.001172532793134451,382803,-0.005283510000000002,0.05
96198,0.001,1187,324,284,1465.78,0.0006430098437704146,385796,-0.01191791,0.05
97300,0.001,1187,328,288,1453.34,0.007299831137061119,390201,-0.01410662,0.05
98409,0.001,1187,332,292,1423.99,0.001028410973958671,394640,-0.02117795,0.05
99087,0.001,1186,334,296,1390.13,0.0006486558122560382,397352,-0.02803179,0.05
99948,0.001,1186,337,300,1368.73,0.0019624962005764246,400794,-0.03186977,0.05
100699,0.001,1186,340,304,1335.85,0.0007886642124503851,403798,-0.038115279999999994,0.05
101724,0.001,1185,343,308,1306.9,0.0017972395289689302,407900,-0.044249399999999994,0.05
102528,0.001,1158,354,312,1273.56,0.0007319491123780608,411116,-0.05048591,0.05
103301,0.001,1157,357,316,1244.08,0.002077458193525672,414206,-0.05621094,0.05
104459,0.001,1155,362,320,1224.48,0.0019293030491098762,418837,-0.06151471,0.05
105456,0.001,1154,366,324,1202.42,0.001993094105273485,422828,-0.06525667000000002,0.05
106509,0.001,1153,370,328,1157.4,0.0012019725982099771,427039,-0.07126143000000001,0.05
107622,0.001,1153,374,332,1125.41,0.0009587153908796608,431492,-0.07688157,0.05
108837,0.001,1153,378,336,1082.17,0.0030704233795404434,436349,-0.0830044,0.05
110101,0.001,1154,382,340,1047.5,0.0018654137384146452,441405,-0.08863152000000002,0.05
111238,0.001,1155,385,344,1012.86,0.0022612926550209522,445956,-0.09320559,0.05
112491,0.001,1159,389,348,1002.61,0.0026965769939124584,450967,-0.09542223999999999,0.05
114018,0.001,1162,393,352,1009.39,0.0036336397752165794,457074,-0.09634739000000002,0.05
115744,0.001,1135,408,356,1043.8,0.02177140675485134,463980,-0.09335520999999998,0.05
117180,0.001,1138,412,360,1069.94,0.003040279960259795,469724,-0.0886154,0.05
118228,0.001,1141,415,364,1077.14,0.0027732658199965954,473915,-0.08656720000000001,0.05
119297,0.001,1143,418,368,1062.87,0.00526867900043726,478191,-0.08867381,0.05
120513,0.001,1146,421,372,1075.28,0.0020409973803907633,483054,-0.08532176999999999,0.05
121454,0.001,1148,423,376,1085.07,0.004462438635528088,486819,-0.08380625,0.05
122853,0.001,1151,427,380,1096.1,0.01592344045639038,492413,-0.07927337000000001,0.05
123755,0.001,1153,429,384,1102.25,0.004864763002842665,496021,-0.07916616,0.05
125244,0.001,1157,433,388,1117.79,0.003225017338991165,501980,-0.07536524,0.05
126377,0.001,1159,436,392,1118.69,0.001687672920525074,506509,-0.07350598000000001,0.05
127677,0.001,1162,440,396,1143.6,0.006749751977622509,511712,-0.06827192000000001,0.05
128822,0.001,1145,450,400,1154.95,0.00132150505669415,516289,-0.06556093999999998,0.05
129852,0.001,1147,453,404,1166.11,0.015716148540377617,520409,-0.06332631999999999,0.05
131002,0.001,1150,456,408,1171.12,0.057733453810214996,525012,-0.06295911,0.05
132125,0.001,1153,459,412,1183.87,0.0027537995483726263,529503,-0.06260866,0.05
133457,0.001,1156,462,416,1206.23,0.0019252601778134704,534829,-0.05961804,0.05
134368,0.001,1158,464,420,1196.36,0.002396354917436838,538473,-0.05958456,0.05
135481,0.001,1160,467,424,1200.97,0.003028950421139598,542925,-0.05871111,0.05
136522,0.001,1162,470,428,1200.5,0.0032200815621763468,547089,-0.060627839999999995,0.05
137875,0.001,1165,473,432,1210.11,0.002809832338243723,552503,-0.059856219999999995,0.05
139215,0.001,1168,477,436,1215.14,0.003068985417485237,557863,-0.061584690000000004,0.05
140909,0.001,1155,488,440,1232.35,0.0011273324489593506,564640,-0.06015697,0.05
142221,0.001,1157,492,444,1239.3,0.003100388217717409,569886,-0.06094263,0.05
143794,0.001,1161,496,448,1252.12,0.0028151406440883875,576179,-0.06032103999999999,0.05
145202,0.001,1164,499,452,1247.36,0.0011233128607273102,581810,-0.06166556000000001,0.05
146624,0.001,1167,503,456,1235.2,0.007604771293699741,587500,-0.06060732000000001,0.05
147592,0.001,1168,505,460,1216.45,0.005941360257565975,591369,-0.06395121000000001,0.05
148698,0.001,1171,508,464,1218.78,0.0036123013123869896,595793,-0.06590047,0.05
150268,0.001,1174,512,468,1238.83,0.0028896525036543608,602074,-0.06496811999999999,0.05
151795,0.001,1176,516,472,1251.28,0.001995966536924243,608182,-0.06562453000000001,0.05
153433,0.001,1158,530,476,1279.16,0.0023142353165894747,614735,-0.06340086,0.05
155045,0.001,1162,534,480,1287.69,0.0028018092270940542,621182,-0.06512975000000001,0.05
156757,0.001,1165,538,484,1320.09,0.0038004417438060045,628030,-0.061813400000000004,0.05
158358,0.001,1168,543,488,1324.53,0.003004966303706169,634433,-0.06328334,0.05
159274,0.001,1170,545,492,1315.91,0.002845575101673603,638100,-0.06668528,0.05
160208,0.001,1171,547,496,1301.22,0.0039392197504639626,641834,-0.07157424,0.05
161194,0.001,1173,550,500,1294.9,0.00361243961378932,645779,-0.07596816,0.05
162827,0.001,1176,554,504,1319.02,0.0023338685277849436,652311,-0.07347293000000002,0.05
164548,0.001,1179,558,508,1341.84,0.004543682560324669,659196,-0.0697643,0.05
165514,0.001,1181,561,512,1335.56,0.00384101876989007,663059,-0.06927805000000001,0.05
166756,0.001,1149,581,516,1331.98,0.0026059455703943968,668027,-0.06904305,0.05
167973,0.001,1151,584,520,1344.2,0.003531681839376688,672893,-0.06647201999999999,0.05
168963,0.001,1153,586,524,1339.28,0.00437743728980422,676853,-0.06696131,0.05
169801,0.001,1154,588,528,1331.17,0.004887778777629137,680206,-0.06678434999999999,0.05
171132,0.001,1157,592,532,1330.27,0.007990657351911068,685530,-0.06605115,0.05
172046,0.001,1159,594,536,1313.24,0.005082281772047281,689187,-0.06586254999999999,0.05
173037,0.001,1160,597,540,1285.11,0.004898693412542343,693151,-0.06999944,0.05
173923,0.001,1162,599,544,1268.07,0.005521104671061039,696693,-0.07142580000000001,0.05
175504,0.001,1165,603,548,1268.39,0.004558329004794359,703018,-0.06812120999999999,0.05
176969,0.001,1167,607,552,1270.67,0.0021102812606841326,708877,-0.06501462,0.05
178678,0.001,1170,611,556,1282.14,0.005703615956008434,715714,-0.06348681,0.05
179864,0.001,1153,624,560,1290.88,0.015246974304318428,720457,-0.06158388000000001,0.05
180936,0.001,1155,627,564,1289.55,0.009205716662108898,724748,-0.06092834,0.05
182590,0.001,1158,631,568,1292.87,0.003866687649860978,731361,-0.058892570000000005,0.05
183589,0.001,1159,634,572,1271.78,0.1614968180656433,735360,-0.06042222,0.05
184950,0.001,1162,637,576,1260.66,0.004769614897668362,740801,-0.059430809999999994,0.05
186090,0.001,1164,640,580,1241.82,0.009377307258546352,745364,-0.06021277000000001,0.05
187640,0.001,1166,644,584,1235.32,0.011071630753576756,751562,-0.058030410000000004,0.05
188926,0.001,1168,647,588,1222.72,0.006300510838627815,756705,-0.057964520000000005,0.05
190271,0.001,1170,650,592,1239.87,0.005441359709948301,762087,-0.05225069,0.05
191738,0.001,1173,654,596,1261.19,0.011104762554168701,767953,-0.04656793000000001,0.05
193401,0.001,1158,668,600,1288.28,0.004861192777752876,774607,-0.039314840000000004,0.05
195222,0.001,1161,673,604,1295.8,0.007366154342889786,781891,-0.03510393,0.05
196599,0.001,1163,676,608,1282.03,0.007132874336093664,787399,-0.03664214,0.05
198120,0.001,1165,680,612,1304.24,0.010844901204109192,793483,-0.03377495999999999,0.05
199590,0.001,1168,684,616,1313.37,0.005110309459269047,799364,-0.03128387,0.05
201100,0.001,1170,688,620,1325.08,0.021094512194395065,805401,-0.029906439999999996,0.05
203070,0.001,1173,692,624,1364.29,0.0064271301962435246,813282,-0.02554927,0.05
204728,0.001,1153,710,628,1397.07,0.0032928793225437403,819913,-0.019813320000000002,0.05
206404,0.001,1155,715,632,1410.9,0.005343995988368988,826620,-0.02082626,0.05
208073,0.001,1158,719,636,1441.07,0.007535950746387243,833294,-0.016610269999999996,0.05
209736,0.001,1160,723,640,1467.94,0.006839022971689701,839945,-0.011206009999999997,0.05
211606,0.001,1163,728,644,1507.35,0.005455290898680687,847428,-0.005672549999999998,0.05
213403,0.001,1166,732,648,1515.95,0.00841108150780201,854613,-0.005435679999999998,0.05
214965,0.001,1168,736,652,1519.86,0.0031192845199257135,860863,-0.005484520000000001,0.05
216214,0.001,1170,739,656,1501.44,0.004144445527344942,865858,-0.009032620000000002,0.05
217763,0.001,1158,752,660,1515.98,0.004046974703669548,872055,-0.0073111400000000016,0.05
219148,0.001,1160,756,664,1528.47,0.017070624977350235,877595,-0.0037529900000000016,0.05
220661,0.001,1162,760,668,1522.85,0.0054765185341238976,883646,-0.004490299999999999,0.05
222015,0.001,1164,763,672,1537.02,0.004868633113801479,889062,-0.0018753299999999984,0.05
223280,0.001,1165,766,676,1533.22,0.006979456637054682,894123,-0.0023619299999999986,0.05
224563,0.001,1167,770,680,1538.89,0.004032250959426165,899253,-0.0009617199999999984,0.05
225782,0.001,1169,773,684,1525.69,0.004548587370663881,904131,-0.003094490000000001,0.05
227041,0.001,1171,776,688,1524.6,0.007032913621515036,909165,-0.0030452600000000006,0.05
228257,0.001,1172,779,692,1519.43,0.004010322969406843,914030,-0.00439742,0.05
229671,0.001,1174,783,696,1517.33,0.0040337382815778255,919686,-0.004014210000000001,0.05
230782,0.001,1164,793,700,1495.24,0.001959209330379963,924131,-0.007234859999999998,0.05
232051,0.001,1166,796,704,1473.15,0.004875496961176395,929206,-0.012034089999999999,0.05
233248,0.001,1167,799,708,1465.96,0.005582496989518404,933995,-0.01236656,0.05
234492,0.001,1169,803,712,1454.86,0.002918089274317026,938969,-0.01181936,0.05
236103,0.001,1171,807,716,1460.51,0.0026106862351298332,945415,-0.011322290000000002,0.05
237731,0.001,1173,811,720,1465.26,0.0027095526456832886,951927,-0.009071300000000003,0.05
239120,0.001,1175,814,724,1442.0,0.0038971283938735723,957482,-0.00988845,0.05
240394,0.001,1176,817,728,1426.66,0.001521693542599678,962579,-0.012078630000000002,0.05
241686,0.001,1178,821,732,1411.26,0.002693805145099759,967746,-0.010198450000000001,0.05
242936,0.001,1179,824,736,1394.53,0.006550301797688007,972747,-0.012046699999999999,0.05
243948,0.001,1164,838,740,1368.48,0.0034309783950448036,976793,-0.015364499999999998,0.05
244770,0.001,1165,840,744,1326.54,0.0035350879188627005,980082,-0.02058351,0.05
245762,0.001,1166,843,748,1294.39,0.0029949513264000416,984052,-0.02576065,0.05
246818,0.001,1167,846,752,1274.1,0.007706641219556332,988273,-0.02770383,0.05
247731,0.001,1169,848,756,1260.7,0.012409651651978493,991928,-0.029324279999999994,0.05
248435,0.001,1169,850,760,1226.86,0.0031759091652929783,994741,-0.034865139999999996,0.05
249715,0.001,1171,853,764,1222.66,0.0024759946390986443,999861,-0.03466029000000001,0.05
250369,0.001,1172,855,768,1188.33,0.006007137708365917,1002479,-0.039929269999999996,0.05
251466,0.001,1173,857,772,1178.06,0.006315256934612989,1006868,-0.04102372,0.05
252850,0.001,1175,861,776,1182.78,0.001586761325597763,1012401,-0.03945986,0.05
253898,0.001,1176,864,780,1173.42,0.00421800184994936,1016595,-0.04182385999999999,0.05
254977,0.001,1177,866,784,1167.81,0.005453124176710844,1020912,-0.04371113,0.05
