train/n_updates,rollout/ep_rew_mean,rollout/ep_len_mean,train/learning_rate,time/fps,time/total_timesteps,time/episodes,train/loss,time/time_elapsed,rollout/exploration_rate
1206,-0.2,1456.75,0.001,402,5827,4,1.9011500626220368e-05,14,0.7297045898437502
2618,-0.2,1434.5,0.001,596,11476,8,3.091144753852859e-05,19,0.4676660156250001
3964,-0.20000000000000004,1404.8333333333333,0.001,697,16858,12,0.00022991503647062927,24,0.21801269531250245
5887,-0.2,1534.375,0.001,771,24550,16,1.280488049815176e-05,31,0.05
7351,-0.20000000000000004,1520.35,0.001,815,30407,20,3.0365822567546275e-06,37,0.05
8826,-0.20000000000000004,1512.7083333333333,0.001,849,36305,24,2.851767021638807e-06,42,0.05
10239,-0.20000000000000004,1498.5,0.001,874,41958,28,3.642972296802327e-05,47,0.05
11322,-0.2,1446.59375,0.001,890,46291,32,8.039277417992707e-06,51,0.05
12435,-0.20000000000000004,1409.4722222222222,0.001,904,50741,36,0.00017278676386922598,56,0.05
13452,-0.2,1370.25,0.001,778,54810,40,8.41667497297749e-06,70,0.05
14572,-0.19999999999999993,1347.5227272727273,0.001,797,59291,44,2.0172756194369867e-05,74,0.05
15567,-0.19999999999999998,1318.125,0.001,813,63270,48,9.422714356333017e-06,77,0.05
16642,-0.19999999999999993,1299.4038461538462,0.001,829,67569,52,3.0490185963572003e-05,81,0.05
17964,-0.19999999999999998,1301.0535714285713,0.001,843,72859,56,6.708208275085781e-06,86,0.05
19277,-0.19999999999999993,1301.85,0.001,858,78111,60,2.0367246179375798e-05,90,0.05
20431,-0.19999999999999998,1292.625,0.001,870,82728,64,2.227914592367597e-05,94,0.05
21570,-0.19999999999999996,1283.5441176470588,0.001,882,87281,68,1.1846560482808854e-05,98,0.05
22583,-0.19999999999999998,1268.5555555555557,0.001,891,91336,72,0.00028845775523222983,102,0.05
24130,-0.19999999999999996,1283.171052631579,0.001,901,97521,76,9.346617844130378e-06,108,0.05
25372,-0.19999999999999998,1281.1125,0.001,788,102489,80,1.1721560440491885e-05,130,0.05
26907,-0.19999999999999996,1293.2380952380952,0.001,797,108632,84,3.3533717214595526e-05,136,0.05
28122,-0.19999999999999998,1289.6818181818182,0.001,805,113492,88,1.2016909749945626e-05,140,0.05
28993,-0.19999999999999996,1271.4673913043478,0.001,810,116975,92,9.110905375564471e-05,144,0.05
30043,-0.19999999999999998,1262.21875,0.001,816,121173,96,2.9253915272420272e-05,148,0.05
31263,-0.19999999999999996,1260.54,0.001,821,126054,100,1.9592574972193688e-05,153,0.05
32556,-0.19999999999999996,1253.99,0.001,827,131226,104,2.7012636564904824e-05,158,0.05
33647,-0.19999999999999996,1241.14,0.001,835,135590,108,2.4675624445080757e-05,162,0.05
34885,-0.19999999999999996,1236.85,0.001,842,140543,112,5.921409865550231e-06,166,0.05
35977,-0.19999999999999996,1203.6,0.001,846,144910,116,1.763908949214965e-05,171,0.05
37201,-0.19999999999999996,1194.01,0.001,851,149808,120,2.4786661015241407e-05,176,0.05
38236,-0.19999999999999996,1176.4,0.001,764,153945,124,1.0635213584464509e-05,201,0.05
39394,-0.19999999999999996,1166.19,0.001,770,158577,128,3.725361966644414e-05,205,0.05
40665,-0.19999999999999996,1173.71,0.001,776,163662,132,2.55297236435581e-05,210,0.05
41969,-0.19999999999999996,1181.36,0.001,783,168877,136,2.4209053663071245e-05,215,0.05
43286,-0.19999999999999996,1193.38,0.001,787,174148,140,4.246261596563272e-05,221,0.05
44612,-0.19999999999999996,1201.59,0.001,793,179450,144,7.099679351085797e-05,226,0.05
46732,-0.19999999999999996,1246.6,0.001,801,187930,148,0.00021680294594261795,234,0.05
48253,-0.19999999999999996,1264.47,0.001,806,194016,152,8.225200144806877e-05,240,0.05
49546,-0.19999999999999996,1263.29,0.001,811,199188,156,3.8338428566930816e-05,245,0.05
51282,-0.19999999999999996,1280.21,0.001,785,206132,160,2.1040119463577867e-05,262,0.05
52644,-0.19999999999999996,1288.52,0.001,791,211580,164,1.6334526662831195e-05,267,0.05
54206,-0.19999999999999996,1305.47,0.001,798,217828,168,4.9455709813628346e-05,272,0.05
55985,-0.19999999999999996,1336.07,0.001,802,224943,172,0.0001431757991667837,280,0.05
57159,-0.19999999999999996,1321.16,0.001,805,229637,176,7.990193989826366e-05,285,0.05
58687,-0.19999999999999996,1332.63,0.001,810,235752,180,0.00011347687541274354,290,0.05
59907,-0.19999999999999996,1319.97,0.001,815,240629,184,4.460060517885722e-05,295,0.05
61640,-0.19999999999999996,1340.71,0.001,820,247563,188,8.351542783202603e-05,301,0.05
63110,-0.19999999999999996,1364.66,0.001,824,253441,192,0.00023355618759524077,307,0.05
64763,-0.19999999999999996,1388.81,0.001,789,260054,196,9.566359949531034e-05,329,0.05
66322,-0.19999999999999996,1402.36,0.001,793,266290,200,0.0003300656971987337,335,0.05
67814,-0.19999999999999996,1410.34,0.001,798,272260,204,0.0003085424832534045,341,0.05
69205,-0.19999999999999996,1422.34,0.001,801,277824,208,0.00032550786272622645,346,0.05
70414,-0.19999999999999996,1421.17,0.001,804,282660,212,8.978976256912574e-05,351,0.05
71908,-0.19999999999999996,1437.26,0.001,808,288636,216,8.940149564296007e-05,357,0.05
73491,-0.19999999999999996,1451.57,0.001,810,294965,220,4.437848838279024e-05,364,0.05
74796,-0.19999999999999996,1462.43,0.001,811,300188,224,0.00014762206410523504,369,0.05
76087,-0.19999999999999996,1467.72,0.001,813,305349,228,6.166841194499284e-05,375,0.05
77442,-0.19999999999999996,1471.1,0.001,796,310772,232,8.832340245135128e-05,390,0.05
79209,-0.19999999999999996,1489.62,0.001,799,317839,236,4.370777605799958e-05,397,0.05
80635,-0.19999999999999996,1493.93,0.001,802,323541,240,8.78274513524957e-05,403,0.05
82148,-0.19999999999999996,1501.45,0.001,806,329595,244,5.8279852964915335e-05,408,0.05
84169,-0.19999999999999996,1497.49,0.001,812,337679,248,0.000213339677429758,415,0.05
85569,-0.19999999999999996,1492.62,0.001,815,343278,252,0.00014040610403753817,420,0.05
86989,-0.19999999999999996,1497.72,0.001,818,348960,256,0.0010779299773275852,426,0.05
88542,-0.19999999999999996,1490.37,0.001,820,355169,260,8.105923188850284e-05,433,0.05
90254,-0.19999999999999996,1504.37,0.001,794,362017,264,6.789741746615618e-05,455,0.05
91596,-0.19999999999999996,1495.59,0.001,796,367387,268,0.0001979010266950354,461,0.05
93250,-0.19999999999999996,1490.61,0.001,799,374004,272,0.00021992294932715595,467,0.05
94785,-0.19999999999999996,1505.07,0.001,802,380144,276,0.000462163909105584,473,0.05
95928,-0.19999999999999996,1489.63,0.001,804,384715,280,0.0004980831290595233,478,0.05
97182,-0.19999999999999996,1491.03,0.001,807,389732,284,0.0006911769742146134,482,0.05
98894,-0.19999999999999996,1490.16,0.001,810,396579,288,0.0001912729348987341,489,0.05
100656,-0.19999999999999996,1501.85,0.001,813,403626,292,0.00041222883737646043,495,0.05
102132,-0.19999999999999996,1494.76,0.001,816,409530,296,0.00010510929860174656,501,0.05
103499,-0.19999999999999996,1487.1,0.001,796,415000,300,0.00045240149484016,520,0.05
105176,-0.19999999999999996,1494.48,0.001,798,421708,304,0.0002450019237585366,527,0.05
106510,-0.19999999999999996,1492.19,0.001,801,427043,308,8.386402623727918e-05,532,0.05
107721,-0.19999999999999996,1492.25,0.001,803,431885,312,0.0002322005748283118,537,0.05
109091,-0.19999999999999996,1487.31,0.001,806,437367,316,0.03417251631617546,541,0.05
110454,-0.19999999999999996,1478.54,0.001,809,442819,320,0.00046642677625641227,546,0.05
111765,-0.19999999999999996,1478.75,0.001,812,448063,324,0.0004107281565666199,551,0.05
113041,-0.19999999999999996,1478.19,0.001,815,453168,328,0.00026021074154414237,555,0.05
114579,-0.19999999999999996,1485.47,0.001,818,459319,332,0.00018601369811221957,561,0.05
116247,-0.19999999999999996,1481.5,0.001,808,465989,336,0.0002562586741987616,576,0.05
117554,-0.19999999999999996,1476.77,0.001,810,471218,340,0.0006158119067549706,581,0.05
118860,-0.19999999999999996,1468.48,0.001,812,476443,344,0.0004635622608475387,586,0.05
120322,-0.19999999999999996,1446.12,0.001,814,482291,348,0.00021045978064648807,592,0.05
121899,-0.19999999999999996,1453.21,0.001,816,488599,352,0.0006317224469967186,598,0.05
123048,-0.19999999999999996,1442.36,0.001,817,493196,356,0.00038962808321230114,603,0.05
124475,-0.19999999999999996,1437.33,0.001,818,498902,360,0.0007104650139808655,609,0.05
125243,-0.19999999999999996,1399.56,0.001,819,501973,364,0.0003809816553257406,612,0.05
126540,-0.19999999999999996,1397.74,0.001,820,507161,368,0.0021517493296414614,618,0.05
127925,-0.19999999999999996,1386.97,0.001,794,512701,372,0.00016440649051219225,645,0.05
128943,-0.19999999999999996,1366.31,0.001,795,516775,376,0.0005792676820419729,649,0.05
130472,-0.19999999999999996,1381.76,0.001,797,522891,380,0.0002075315424008295,655,0.05
131582,-0.19999999999999996,1375.99,0.001,798,527331,384,0.0012362797278910875,660,0.05
132581,-0.19999999999999996,1347.46,0.001,799,531325,388,0.0006237166235223413,664,0.05
133929,-0.19999999999999996,1330.94,0.001,801,536720,392,0.0005587346386164427,669,0.05
135341,-0.19999999999999996,1328.38,0.001,802,542368,396,0.0010124165564775467,675,0.05
136687,-0.19999999999999996,1327.51,0.001,804,547751,400,0.0009021330042742193,681,0.05
137815,-0.19999999999999996,1305.53,0.001,805,552261,404,0.0011356384493410587,685,0.05
139386,-0.19999999999999996,1315.02,0.001,807,558545,408,0.0012037984561175108,692,0.05
140828,-0.19999999999999996,1324.3,0.001,797,564315,412,0.0012188692344352603,707,0.05
142340,-0.19999999999999996,1329.95,0.001,798,570362,416,0.00027022225549444556,713,0.05
143303,-0.19999999999999996,1313.94,0.001,799,574213,420,0.00030301293008960783,717,0.05
144643,-0.19999999999999996,1315.12,0.001,801,579575,424,0.0002862054097931832,723,0.05
145777,-0.19999999999999996,1309.41,0.001,803,584109,428,0.0005193543620407581,727,0.05
147063,-0.19999999999999996,1299.36,0.001,804,589255,432,0.0008437935612164438,732,0.05
148430,-0.19999999999999996,1287.34,0.001,805,594723,436,0.0007749414653517306,738,0.05
149579,-0.19999999999999996,1281.01,0.001,807,599319,440,0.0015278354985639453,742,0.05
151033,-0.19999999999999996,1286.9,0.001,809,605133,444,0.000843294954393059,747,0.05
152151,-0.19999999999999996,1273.17,0.001,811,609608,448,0.002584726084023714,751,0.05
153283,-0.19999999999999996,1255.37,0.001,813,614136,452,0.0014903451083227992,755,0.05
154201,-0.19999999999999996,1246.09,0.001,802,617805,456,0.0009368929895572364,769,0.05
155218,-0.19999999999999996,1229.71,0.001,804,621873,460,0.00042921610292978585,773,0.05
156404,-0.19999999999999996,1246.47,0.001,805,626620,464,0.0009520553867332637,778,0.05
157442,-0.19999999999999996,1236.11,0.001,806,630772,468,0.02984323538839817,781,0.05
158798,-0.18799999999999997,1234.95,0.001,808,636196,472,0.0006623548688367009,787,0.05
160439,-0.18799999999999997,1259.83,0.001,810,642758,476,0.001437556347809732,793,0.05
161585,-0.18799999999999997,1244.51,0.001,811,647342,480,0.0003426856710575521,797,0.05
162506,-0.18799999999999997,1236.97,0.001,812,651028,484,0.0006816980894654989,801,0.05
163755,-0.18799999999999997,1246.98,0.001,813,656023,488,0.0005414204206317663,806,0.05
164916,-0.18799999999999997,1239.47,0.001,815,660667,492,0.0012843969743698835,810,0.05
165805,-0.18799999999999997,1218.54,0.001,816,664222,496,0.0007692794315516949,813,0.05
166922,-0.18799999999999997,1209.41,0.001,807,668692,500,0.0011743668001145124,827,0.05
168118,-0.18799999999999997,1212.12,0.001,809,673473,504,0.001687300275079906,832,0.05
169254,-0.18799999999999997,1194.73,0.001,810,678018,508,0.00017300699255429208,836,0.05
170375,-0.18799999999999997,1181.89,0.001,811,682504,512,0.000935204210691154,840,0.05
171608,-0.18799999999999997,1170.74,0.001,812,687436,516,0.001203866209834814,845,0.05
172904,-0.18799999999999997,1184.04,0.001,813,692617,520,0.0008643428445793688,851,0.05
173921,-0.18799999999999997,1171.13,0.001,814,696688,524,0.001465879031457007,855,0.05
175174,-0.18799999999999997,1175.9,0.001,815,701699,528,0.0005013678455725312,860,0.05
176663,-0.18799999999999997,1183.99,0.001,816,707654,532,0.0010311901569366455,866,0.05
178163,-0.176,1189.3,0.001,817,713653,536,0.0007279872079379857,873,0.05
179394,-0.17599999999999993,1192.61,0.001,809,718580,540,0.0009444813476875424,888,0.05
181117,-0.17599999999999993,1203.38,0.001,811,725471,544,0.000865680689457804,894,0.05
182550,-0.17599999999999993,1215.95,0.001,812,731203,548,0.0005873461486771703,900,0.05
183611,-0.17599999999999993,1213.09,0.001,813,735445,552,0.0017464596312493086,904,0.05
185104,-0.17599999999999993,1236.12,0.001,814,741417,556,0.0005880771204829216,909,0.05
186460,-0.17599999999999993,1249.71,0.001,816,746844,560,0.0008880121167749166,915,0.05
187908,-0.17599999999999993,1260.15,0.001,817,752635,564,0.0007138589862734079,921,0.05
189292,-0.17599999999999993,1273.97,0.001,818,758169,568,0.0007312197121791542,926,0.05
191247,-0.18799999999999997,1297.95,0.001,820,765991,572,0.0010312139056622982,933,0.05
192900,-0.18799999999999997,1298.46,0.001,812,772604,576,0.0004892003489658237,951,0.05
193971,-0.18799999999999997,1295.46,0.001,813,776888,580,0.0005740913329645991,955,0.05
195435,-0.18799999999999997,1317.13,0.001,815,782741,584,0.0005994129460304976,960,0.05
196814,-0.18799999999999997,1322.35,0.001,816,788258,588,0.0011293673887848854,965,0.05
198032,-0.18799999999999997,1324.63,0.001,818,793130,592,0.0004053463926538825,969,0.05
199077,-0.18799999999999997,1330.87,0.001,819,797309,596,0.0012058863649144769,973,0.05
200559,-0.18799999999999997,1345.48,0.001,821,803240,600,0.0009862567530944943,978,0.05
201979,-0.18799999999999997,1354.47,0.001,822,808920,604,0.0009819406550377607,983,0.05
203728,-0.18799999999999997,1378.98,0.001,824,815916,608,0.0013112277956679463,989,0.05
205397,-0.18799999999999997,1400.87,0.001,814,822591,612,0.0008119986159726977,1010,0.05
206917,-0.18799999999999997,1412.36,0.001,815,828672,616,0.0011152731021866202,1015,0.05
208227,-0.18799999999999997,1412.94,0.001,817,833911,620,0.0008601149311289191,1020,0.05
209421,-0.18799999999999997,1419.98,0.001,818,838686,624,0.0013273273361846805,1024,0.05
210875,-0.18799999999999997,1428.04,0.001,820,844503,628,0.0007542076054960489,1029,0.05
212192,-0.18799999999999997,1421.16,0.001,821,849770,632,0.00041202857391908765,1034,0.05
214132,-0.19999999999999996,1438.78,0.001,823,857531,636,0.00108237040694803,1040,0.05
214995,-0.19999999999999996,1424.03,0.001,824,860983,640,0.0005033277557231486,1043,0.05
216925,-0.19999999999999996,1432.3,0.001,826,868701,644,0.0007422693306580186,1050,0.05
218518,-0.19999999999999996,1438.73,0.001,809,875076,648,0.000473286141641438,1080,0.05
219879,-0.19999999999999996,1450.75,0.001,810,880520,652,0.0021053163800388575,1085,0.05
221664,-0.19999999999999996,1462.41,0.001,812,887658,656,0.003506846260279417,1092,0.05
222978,-0.19999999999999996,1460.71,0.001,814,892915,660,0.0013467585667967796,1096,0.05
224379,-0.19999999999999996,1458.82,0.001,815,898517,664,0.0014055526116862893,1101,0.05
226105,-0.19999999999999996,1472.53,0.001,816,905422,668,0.0006278093787841499,1108,0.05
227516,-0.19999999999999996,1450.76,0.001,818,911067,672,0.0008778036572039127,1113,0.05
228962,-0.19999999999999996,1442.46,0.001,819,916850,676,0.0013379008742049336,1118,0.05
230164,-0.19999999999999996,1447.71,0.001,802,921659,680,0.001966760726645589,1147,0.05
231587,-0.19999999999999996,1446.11,0.001,804,927352,684,0.0007800166495144367,1152,0.05
233592,-0.19999999999999996,1471.14,0.001,806,935372,688,0.0029139495454728603,1160,0.05
234956,-0.19999999999999996,1476.98,0.001,807,940828,692,0.0018786315340548754,1165,0.05
236433,-0.19999999999999996,1494.26,0.001,808,946735,696,0.002741469070315361,1170,0.05
238128,-0.19999999999999996,1502.76,0.001,810,953516,700,0.0020199434366077185,1176,0.05
239320,-0.19999999999999996,1493.63,0.001,811,958283,704,0.4069362282752991,1181,0.05
240616,-0.19999999999999996,1475.49,0.001,812,963465,708,0.009349577128887177,1185,0.05
242061,-0.19999999999999996,1466.55,0.001,813,969246,712,0.00031533456058241427,1191,0.05
243455,-0.19999999999999996,1461.49,0.001,804,974821,716,0.0014183414168655872,1211,0.05
244949,-0.19999999999999996,1468.87,0.001,805,980798,720,0.0014704111963510513,1217,0.05
246415,-0.19999999999999996,1479.77,0.001,807,986663,724,0.002558070933446288,1222,0.05
247443,-0.19999999999999996,1462.71,0.001,808,990774,728,0.007164952345192432,1226,0.05
249489,-0.19999999999999996,1491.88,0.001,809,998958,732,0.002953136572614312,1233,0.05
250719,-0.19999999999999996,1463.48,0.001,810,1003879,736,0.012585125863552094,1238,0.05
252360,-0.19999999999999996,1494.6,0.001,812,1010443,740,0.001357735600322485,1243,0.05
253898,-0.19999999999999996,1478.92,0.001,813,1016593,744,0.0010405888315290213,1249,0.05
255584,-0.19999999999999996,1482.61,0.001,814,1023337,748,0.0009067943901754916,1255,0.05
