time/fps,train/n_updates,rollout/ep_len_mean,time/episodes,rollout/exploration_rate,train/learning_rate,time/total_timesteps,rollout/ep_rew_mean,time/time_elapsed,train/loss
201,257092,1483.67,688,0.05,0.001,1029371,-0.17599999999999993,26,4.78407928312663e-05
310,258138,1469.16,692,0.05,0.001,1033555,-0.17599999999999993,30,0.000300393789075315
401,259370,1466.41,696,0.05,0.001,1038483,-0.17599999999999993,36,4.0347185858991e-05
503,261198,1484.31,700,0.05,0.001,1045795,-0.17599999999999993,43,3.685949195642024e-05
561,262665,1491.91,704,0.05,0.001,1051661,-0.17599999999999993,49,7.147116411942989e-05
612,264323,1495.81,708,0.05,0.001,1058295,-0.17599999999999993,55,6.490624946309254e-05
649,265715,1503.71,712,0.05,0.001,1063863,-0.17599999999999993,61,3.6463992728386074e-05
684,267412,1520.56,716,0.05,0.001,1070652,-0.17599999999999993,68,0.00022419831657316536
525,269025,1531.27,720,0.05,0.001,1077101,-0.17599999999999993,101,3.720038148458116e-05
545,270130,1513.2,724,0.05,0.001,1081524,-0.17599999999999993,105,0.00010514228779356927
563,271231,1484.5,728,0.05,0.001,1085926,-0.17599999999999993,109,2.4789220333332196e-05
585,272616,1483.26,732,0.05,0.001,1091467,-0.17599999999999993,115,5.671664257533848e-05
601,273865,1472.25,736,0.05,0.001,1096462,-0.17599999999999993,120,4.1866671381285414e-05
618,275257,1478.94,740,0.05,0.001,1102032,-0.17599999999999993,126,6.815450615249574e-05
633,276583,1468.47,744,0.05,0.001,1107334,-0.17599999999999993,131,4.407287633512169e-05
647,277884,1470.55,748,0.05,0.001,1112539,-0.17599999999999993,136,0.00017810404824558645
659,279169,1460.19,752,0.05,0.001,1117677,-0.17599999999999993,141,8.390721632167697e-05
673,280862,1469.03,756,0.05,0.001,1124452,-0.17599999999999993,149,5.8670309954322875e-05
644,282203,1471.33,760,0.05,0.001,1129816,-0.17599999999999993,164,0.00010380354069638997
656,283638,1455.03,764,0.05,0.001,1135553,-0.17599999999999993,169,9.430905629415065e-05
668,285546,1459.1,768,0.05,0.001,1143188,-0.17599999999999993,178,5.679209789377637e-05
681,287165,1453.73,772,0.05,0.001,1149661,-0.17599999999999993,184,9.933324326993898e-05
691,288909,1454.59,776,0.05,0.001,1156638,-0.19999999999999996,191,4.749132858705707e-05
701,290472,1450.98,780,0.05,0.001,1162892,-0.19999999999999996,198,2.7417810997576453e-05
708,291960,1448.41,784,0.05,0.001,1168841,-0.19999999999999996,204,1.776313001755625e-05
717,293597,1460.19,788,0.05,0.001,1175390,-0.19999999999999996,210,2.6660412913770415e-05
657,295242,1484.15,792,0.05,0.001,1181970,-0.19999999999999996,240,1.7159800336230546e-05
665,296625,1490.19,796,0.05,0.001,1187502,-0.19999999999999996,245,9.918404248310253e-05
672,297936,1469.53,800,0.05,0.001,1192748,-0.19999999999999996,250,2.6579777113511227e-05
679,299441,1471.05,804,0.05,0.001,1198766,-0.19999999999999996,257,3.435895996517502e-05
686,300932,1464.37,808,0.05,0.001,1204732,-0.19999999999999996,263,3.505347194732167e-05
695,302682,1478.67,812,0.05,0.001,1211730,-0.19999999999999996,269,2.507427598175127e-05
701,304111,1467.95,816,0.05,0.001,1217447,-0.19999999999999996,275,0.00020597269758582115
708,305565,1461.61,820,0.05,0.001,1223262,-0.19999999999999996,281,4.99041416333057e-05
690,307083,1478.11,824,0.05,0.001,1229335,-0.19999999999999996,297,2.532507642172277e-05
696,308528,1491.9,828,0.05,0.001,1235116,-0.19999999999999996,303,2.040953404502943e-05
702,310199,1503.32,832,0.05,0.001,1241799,-0.19999999999999996,309,1.3611886970466003e-05
707,311457,1503.67,836,0.05,0.001,1246829,-0.19999999999999996,314,2.5648618247942068e-05
712,312783,1501.04,840,0.05,0.001,1252136,-0.19999999999999996,320,3.0204917493392713e-05
717,314186,1504.14,844,0.05,0.001,1257748,-0.19999999999999996,325,2.1423660655273125e-05
722,315708,1512.96,848,0.05,0.001,1263835,-0.19999999999999996,331,7.799347804393619e-05
727,317218,1521.97,852,0.05,0.001,1269874,-0.19999999999999996,337,4.266812902642414e-05
731,318470,1504.29,856,0.05,0.001,1274881,-0.19999999999999996,343,1.9200366295990534e-05
708,319903,1507.98,860,0.05,0.001,1280614,-0.19999999999999996,362,5.482197957462631e-05
712,321323,1507.43,864,0.05,0.001,1286296,-0.19999999999999996,368,1.996336504817009e-05
716,322744,1487.92,868,0.05,0.001,1291980,-0.19999999999999996,373,3.739914973266423e-05
720,324140,1479.01,872,0.05,0.001,1297562,-0.19999999999999996,379,0.00010158617078559473
723,325333,1456.96,876,0.05,0.001,1302334,-0.19999999999999996,384,4.030200216220692e-05
727,326559,1443.47,880,0.05,0.001,1307239,-0.19999999999999996,389,2.8296261007199064e-05
730,328012,1442.11,884,0.05,0.001,1313052,-0.19999999999999996,395,3.6237692256690934e-05
734,329514,1436.68,888,0.05,0.001,1319058,-0.19999999999999996,401,2.704132020880934e-05
738,331177,1437.42,892,0.05,0.001,1325712,-0.19999999999999996,408,3.0029385015950538e-05
726,332816,1447.65,896,0.05,0.001,1332267,-0.19999999999999996,424,4.435998562257737e-05
729,334190,1450.15,900,0.05,0.001,1337763,-0.19999999999999996,429,2.089623740175739e-05
732,335446,1440.22,904,0.05,0.001,1342788,-0.19999999999999996,435,0.00018940055451821536
736,336987,1442.2,908,0.05,0.001,1348952,-0.19999999999999996,441,1.5235565115290228e-05
735,338395,1428.51,912,0.05,0.001,1354581,-0.19999999999999996,449,3.932917752536014e-05
721,339927,1432.63,916,0.05,0.001,1360710,-0.19999999999999996,466,4.1527087887516245e-05
708,341307,1429.7,920,0.05,0.001,1366232,-0.19999999999999996,482,1.0832609405042604e-05
711,342696,1424.53,924,0.05,0.001,1371788,-0.19999999999999996,488,2.5993382223532535e-05
714,344127,1423.95,928,0.05,0.001,1377511,-0.19999999999999996,494,2.7050533390138298e-05
704,345403,1408.17,932,0.05,0.001,1382616,-0.19999999999999996,509,6.459376436396269e-06
706,346532,1403.03,936,0.05,0.001,1387132,-0.19999999999999996,513,1.3910595953348093e-05
710,347972,1407.54,940,0.05,0.001,1392890,-0.19999999999999996,519,1.2796152077498846e-05
712,349363,1407.06,944,0.05,0.001,1398454,-0.19999999999999996,525,2.7478248739498667e-05
715,350869,1406.42,948,0.05,0.001,1404477,-0.19999999999999996,531,3.9525020838482305e-05
717,351901,1387.31,952,0.05,0.001,1408605,-0.19999999999999996,535,1.6820285964058712e-05
721,353260,1391.6,956,0.05,0.001,1414041,-0.19999999999999996,540,1.965533010661602e-05
724,354734,1393.26,960,0.05,0.001,1419940,-0.19999999999999996,546,2.4071510779322125e-05
726,355968,1385.8,964,0.05,0.001,1424876,-0.19999999999999996,551,1.849077489168849e-05
729,357050,1372.24,968,0.05,0.001,1429204,-0.19999999999999996,555,5.1637169235618785e-05
717,358556,1376.66,972,0.05,0.001,1435228,-0.19999999999999996,573,2.087600114464294e-05
719,359699,1374.64,976,0.05,0.001,1439798,-0.19999999999999996,577,1.2465957297536079e-05
722,361104,1381.81,980,0.05,0.001,1445420,-0.19999999999999996,583,8.251813596871216e-06
725,362529,1380.67,984,0.05,0.001,1451119,-0.19999999999999996,588,3.1923183996696025e-05
727,363528,1360.57,988,0.05,0.001,1455115,-0.19999999999999996,592,2.0387124095577747e-05
729,364662,1339.37,992,0.05,0.001,1459649,-0.19999999999999996,597,2.3170458007371053e-05
732,366219,1336.13,996,0.05,0.001,1465880,-0.19999999999999996,603,1.8802855265676044e-05
735,367426,1329.44,1000,0.05,0.001,1470707,-0.19999999999999996,607,4.650501432479359e-05
737,368891,1337.77,1004,0.05,0.001,1476565,-0.19999999999999996,613,0.00015528470976278186
740,370292,1332.18,1008,0.05,0.001,1482170,-0.19999999999999996,618,2.3437671188730747e-05
722,371896,1340.05,1012,0.05,0.001,1488586,-0.19999999999999996,642,4.995974450139329e-05
725,373486,1342.36,1016,0.05,0.001,1494946,-0.19999999999999996,648,1.5840927517274395e-05
728,374864,1342.26,1020,0.05,0.001,1500458,-0.19999999999999996,654,3.531708716764115e-05
730,376239,1341.7,1024,0.05,0.001,1505958,-0.19999999999999996,659,1.3409511666395701e-05
732,377452,1332.98,1028,0.05,0.001,1510809,-0.19999999999999996,664,1.6238311218330637e-05
735,378749,1333.81,1032,0.05,0.001,1515997,-0.19999999999999996,669,0.00030279631027951837
737,380449,1356.68,1036,0.05,0.001,1522800,-0.19999999999999996,676,2.3321283151744865e-05
740,381915,1357.71,1040,0.05,0.001,1528661,-0.19999999999999996,681,0.00114721548743546
742,383014,1346.06,1044,0.05,0.001,1533060,-0.19999999999999996,685,2.3202144802780822e-05
732,384416,1341.91,1048,0.05,0.001,1538668,-0.19999999999999996,702,3.79263365175575e-05
735,385863,1358.49,1052,0.05,0.001,1544454,-0.19999999999999996,707,5.005697312299162e-05
737,387360,1364.02,1056,0.05,0.001,1550443,-0.19999999999999996,713,8.662708569318056e-05
739,388403,1346.76,1060,0.05,0.001,1554616,-0.18799999999999997,717,1.4542792087013368e-05
740,389406,1337.5,1064,0.05,0.001,1558626,-0.18799999999999997,721,3.118730091955513e-05
737,390519,1338.73,1068,0.05,0.001,1563077,-0.18799999999999997,731,6.347362068481743e-05
729,391932,1335.03,1072,0.05,0.001,1568731,-0.18799999999999997,746,3.075035419897176e-05
720,393618,1356.78,1076,0.05,0.001,1575476,-0.18799999999999997,765,1.4953519894334022e-05
713,395049,1357.78,1080,0.05,0.001,1581198,-0.18799999999999997,781,4.459073898033239e-05
708,395961,1337.28,1084,0.05,0.001,1584847,-0.18799999999999997,791,0.00011413329048082232
655,396965,1337.46,1088,0.05,0.001,1588861,-0.18799999999999997,862,9.846955799730495e-05
650,398498,1353.47,1092,0.05,0.001,1594996,-0.18799999999999997,877,4.440209886524826e-05
652,399624,1336.17,1096,0.05,0.001,1599497,-0.18799999999999997,881,0.0009333271882496774
654,400660,1329.34,1100,0.05,0.001,1603641,-0.18799999999999997,886,5.2542894991347566e-05
655,401606,1308.6,1104,0.05,0.001,1607425,-0.18799999999999997,889,5.542075086850673e-05
658,402993,1308.03,1108,0.05,0.001,1612973,-0.18799999999999997,895,1.7600796127226204e-05
659,404105,1288.35,1112,0.05,0.001,1617421,-0.18799999999999997,899,0.00014778673357795924
661,405201,1268.62,1116,0.05,0.001,1621808,-0.18799999999999997,903,4.327104034018703e-05
663,406590,1269.06,1120,0.05,0.001,1627364,-0.18799999999999997,909,3.025978548976127e-05
665,407620,1255.23,1124,0.05,0.001,1631481,-0.18799999999999997,913,0.00012924286420457065
667,408911,1258.38,1128,0.05,0.001,1636647,-0.18799999999999997,917,5.1656832511071116e-05
657,410046,1251.91,1132,0.05,0.001,1641188,-0.18799999999999997,938,5.4898730013519526e-05
659,411248,1231.95,1136,0.05,0.001,1645995,-0.18799999999999997,943,5.794881144538522e-05
661,412481,1222.65,1140,0.05,0.001,1650926,-0.18799999999999997,948,0.00015722688112873584
662,413561,1221.85,1144,0.05,0.001,1655245,-0.18799999999999997,952,0.0004496614565141499
664,414829,1216.5,1148,0.05,0.001,1660318,-0.18799999999999997,957,0.0011937451781705022
666,416225,1214.49,1152,0.05,0.001,1665903,-0.18799999999999997,962,0.00018570065731182694
667,417157,1191.86,1156,0.05,0.001,1669629,-0.18799999999999997,966,0.00015103955229278654
669,417955,1182.06,1160,0.05,0.001,1672822,-0.19999999999999996,969,0.0006183776422403753
671,419375,1198.75,1164,0.05,0.001,1678501,-0.19999999999999996,975,2.5659188395366073e-05
673,420636,1204.71,1168,0.05,0.001,1683548,-0.19999999999999996,979,3.2677766284905374e-05
674,421576,1185.77,1172,0.05,0.001,1687308,-0.19999999999999996,983,0.00043816794641315937
671,422690,1162.87,1176,0.05,0.001,1691763,-0.19999999999999996,995,0.00011608179192990065
672,423794,1149.8,1180,0.05,0.001,1696178,-0.19999999999999996,999,1.7853208191809244e-05
674,424891,1157.2,1184,0.05,0.001,1700567,-0.19999999999999996,1003,0.00019691856869030744
675,425807,1153.71,1188,0.05,0.001,1704232,-0.19999999999999996,1007,0.0001473474403610453
676,426924,1137.03,1192,0.05,0.001,1708699,-0.19999999999999996,1011,9.359982504975051e-05
678,428017,1135.75,1196,0.05,0.001,1713072,-0.19999999999999996,1015,0.000300397485261783
680,429613,1158.15,1200,0.05,0.001,1719456,-0.19999999999999996,1022,0.00036017777165398
682,430791,1167.42,1204,0.05,0.001,1724167,-0.19999999999999996,1026,0.0004705138271674514
683,432313,1172.82,1208,0.05,0.001,1730255,-0.19999999999999996,1032,8.748152322368696e-05
685,433788,1187.35,1212,0.05,0.001,1736156,-0.19999999999999996,1038,0.0002467668673489243
681,435119,1196.72,1216,0.05,0.001,1741480,-0.19999999999999996,1053,0.000309519877191633
683,436590,1200.0,1220,0.05,0.001,1747364,-0.19999999999999996,1058,0.0007804447668604553
685,438407,1231.51,1224,0.05,0.001,1754632,-0.19999999999999996,1065,4.0687271393835545e-05
687,439724,1232.53,1228,0.05,0.001,1759900,-0.19999999999999996,1070,0.0005677085719071329
689,441199,1246.11,1232,0.05,0.001,1765799,-0.19999999999999996,1076,0.0004093970637768507
690,442376,1245.1,1236,0.05,0.001,1770505,-0.19999999999999996,1081,7.028193795122206e-05
692,443812,1253.25,1240,0.05,0.001,1776251,-0.19999999999999996,1086,5.3253334044711664e-05
693,445338,1271.11,1244,0.05,0.001,1782356,-0.19999999999999996,1093,0.0004732818924821913
695,446898,1282.77,1248,0.05,0.001,1788595,-0.19999999999999996,1099,3.394802115508355e-05
688,448420,1287.8,1252,0.05,0.001,1794683,-0.19999999999999996,1119,0.00027916947146877646
690,449921,1310.57,1256,0.05,0.001,1800686,-0.19999999999999996,1125,0.0003907252394128591
691,450847,1315.69,1260,0.05,0.001,1804391,-0.19999999999999996,1129,0.0004905332461930811
691,451835,1298.42,1264,0.05,0.001,1808343,-0.19999999999999996,1133,0.001263558049686253
693,452914,1291.1,1268,0.05,0.001,1812658,-0.19999999999999996,1137,0.00017751846462488174
694,454355,1311.13,1272,0.05,0.001,1818421,-0.19999999999999996,1143,0.0010590521851554513
696,455535,1313.81,1276,0.05,0.001,1823144,-0.19999999999999996,1147,6.521608884213492e-05
698,457063,1330.76,1280,0.05,0.001,1829254,-0.19999999999999996,1153,0.001210800721310079
699,458728,1353.47,1284,0.05,0.001,1835914,-0.19999999999999996,1160,0.0003354219370521605
700,459636,1353.16,1288,0.05,0.001,1839548,-0.19999999999999996,1163,0.0007222759886644781
697,461177,1370.1,1292,0.05,0.001,1845709,-0.19999999999999996,1178,0.00011829369032057002
699,462723,1388.24,1296,0.05,0.001,1851896,-0.19999999999999996,1183,0.00026467035058885813
700,464132,1380.74,1300,0.05,0.001,1857530,-0.19999999999999996,1189,0.00019192630134057254
702,465323,1381.26,1304,0.05,0.001,1862293,-0.19999999999999996,1194,0.0004487409023568034
703,466583,1370.78,1308,0.05,0.001,1867333,-0.19999999999999996,1198,0.00020775770826730877
704,467990,1368.05,1312,0.05,0.001,1872961,-0.19999999999999996,1204,0.0010093048913404346
706,469354,1369.38,1316,0.05,0.001,1878418,-0.19999999999999996,1209,0.0004495110479183495
707,470478,1355.5,1320,0.05,0.001,1882914,-0.19999999999999996,1213,0.000878554827068001
708,471556,1325.93,1324,0.05,0.001,1887225,-0.19999999999999996,1218,0.00026250749942846596
709,472854,1325.18,1328,0.05,0.001,1892418,-0.19999999999999996,1223,0.001471683499403298
705,474255,1322.24,1332,0.05,0.001,1898023,-0.19999999999999996,1238,0.0004033097648061812
706,475311,1317.41,1336,0.05,0.001,1902246,-0.19999999999999996,1242,0.009685138240456581
708,476568,1310.25,1340,0.05,0.001,1907276,-0.19999999999999996,1247,0.007235313765704632
709,478269,1317.24,1344,0.05,0.001,1914080,-0.19999999999999996,1253,0.0005863594706170261
711,479438,1301.58,1348,0.05,0.001,1918753,-0.19999999999999996,1258,0.0004502525844145566
712,480776,1294.25,1352,0.05,0.001,1924108,-0.19999999999999996,1263,0.0015944199403747916
713,482137,1288.63,1356,0.05,0.001,1929549,-0.19999999999999996,1268,0.0008563966257497668
710,483831,1319.36,1360,0.05,0.001,1936327,-0.19999999999999996,1283,0.0003389845369383693
707,485050,1328.6,1364,0.05,0.001,1941203,-0.19999999999999996,1296,0.0029465898405760527
688,486953,1361.57,1368,0.05,0.001,1948815,-0.19999999999999996,1342,0.0003968093078583479
684,488451,1363.84,1372,0.05,0.001,1954805,-0.19999999999999996,1358,0.00026821839855983853
682,489714,1367.14,1376,0.05,0.001,1959858,-0.19999999999999996,1371,0.0006178810144774616
678,491206,1365.73,1380,0.05,0.001,1965827,-0.19999999999999996,1388,0.0005685322685167193
674,492811,1363.32,1384,0.05,0.001,1972246,-0.19999999999999996,1405,0.0011668254155665636
672,493720,1363.35,1388,0.05,0.001,1975883,-0.19999999999999996,1415,0.00017452036263421178
668,495309,1365.29,1392,0.05,0.001,1982238,-0.19999999999999996,1432,0.00036912522045895457
665,496771,1361.9,1396,0.05,0.001,1988086,-0.19999999999999996,1448,0.000572037766687572
662,498374,1369.69,1400,0.05,0.001,1994499,-0.19999999999999996,1465,0.00036115743569098413
645,499836,1380.52,1404,0.05,0.001,2000345,-0.18799999999999997,1512,0.012645326554775238
642,501342,1390.39,1408,0.05,0.001,2006372,-0.18799999999999997,1528,0.0048393686302006245
639,502877,1395.5,1412,0.05,0.001,2012511,-0.18799999999999997,1544,0.035272516310214996
637,504323,1398.77,1416,0.05,0.001,2018295,-0.176,1560,0.01865263096988201
634,505779,1412.04,1420,0.05,0.001,2024118,-0.17599999999999993,1577,0.00040106233791448176
631,507430,1434.97,1424,0.05,0.001,2030722,-0.17599999999999993,1594,0.0028048779349774122
628,509203,1453.98,1428,0.05,0.001,2037816,-0.17599999999999993,1614,0.0028039661701768637
626,510327,1442.87,1432,0.05,0.001,2042310,-0.16399999999999995,1626,0.0027979714795947075
