time/episodes,time/fps,time/total_timesteps,train/learning_rate,rollout/exploration_rate,rollout/ep_len_mean,train/n_updates,train/loss,rollout/ep_rew_mean,time/time_elapsed
4,501,6530,0.001,0.6970947265625014,1632.5,1382,8.475919457850978e-06,-0.2,13
8,740,14859,0.001,0.3107397460937483,1857.375,3464,2.608383056212915e-06,-0.2,20
12,800,21901,0.001,0.05,1825.0833333333333,5225,6.337892045849003e-06,-0.20000000000000004,27
16,853,27981,0.001,0.05,1748.8125,6745,7.179085514508188e-06,-0.2,32
20,721,33079,0.001,0.05,1653.95,8019,1.6020316252252087e-05,-0.20000000000000004,45
24,649,38787,0.001,0.05,1616.125,9446,5.818112185806967e-06,-0.20000000000000004,59
28,608,44352,0.001,0.05,1584.0,10837,1.719832994240278e-06,-0.20000000000000004,72
32,581,47830,0.001,0.05,1494.6875,11707,1.395036633766722e-06,-0.2,82
36,344,51741,0.001,0.05,1437.25,12685,1.2473710739868693e-06,-0.20000000000000004,150
40,347,57106,0.001,0.05,1427.65,14026,5.10936615683022e-07,-0.2,164
44,347,62694,0.001,0.05,1424.8636363636363,15423,6.31019429420121e-05,-0.19999999999999993,180
48,347,68416,0.001,0.05,1425.3333333333333,16853,4.950277343596099e-07,-0.19999999999999998,197
52,347,74063,0.001,0.05,1424.2884615384614,18265,1.8536179595685098e-06,-0.19999999999999993,213
56,346,78960,0.001,0.05,1410.0,19489,1.8202103092335165e-05,-0.19999999999999998,227
60,346,82673,0.001,0.05,1377.8833333333334,20418,5.970741312921746e-06,-0.19999999999999993,238
64,347,88485,0.001,0.05,1382.578125,21871,9.267940868085134e-07,-0.19999999999999998,254
68,346,93825,0.001,0.05,1379.7794117647059,23206,4.7423709474969655e-06,-0.19999999999999996,270
72,346,98563,0.001,0.05,1368.9305555555557,24390,1.8542355064710137e-06,-0.19999999999999998,284
76,320,104477,0.001,0.05,1374.6973684210527,25869,6.044892870704643e-07,-0.19999999999999996,326
80,325,111385,0.001,0.05,1392.3125,27596,1.1514845937199425e-05,-0.19999999999999998,342
84,327,117295,0.001,0.05,1396.3690476190477,29073,6.795779336243868e-05,-0.19999999999999996,357
88,330,123059,0.001,0.05,1398.3977272727273,30514,1.6053242006819346e-06,-0.19999999999999998,372
92,331,129960,0.001,0.05,1412.608695652174,32239,8.735363735468127e-06,-0.19999999999999996,391
96,334,135857,0.001,0.05,1415.1770833333333,33714,5.7333149925398175e-06,-0.19999999999999998,405
100,335,141386,0.001,0.05,1413.86,35096,4.3701206777768675e-06,-0.19999999999999996,421
104,335,146992,0.001,0.05,1404.62,36497,9.511176358500961e-06,-0.19999999999999996,438
108,337,152679,0.001,0.05,1378.2,37919,4.389155037642922e-06,-0.19999999999999996,451
112,290,157253,0.001,0.05,1353.52,39063,2.586496293588425e-06,-0.19999999999999996,541
116,292,162526,0.001,0.05,1345.45,40381,3.345080358485575e-06,-0.19999999999999996,554
120,293,166180,0.001,0.05,1331.01,41294,5.428840267995838e-06,-0.19999999999999996,565
124,295,171551,0.001,0.05,1327.64,42637,1.4377211527971667e-06,-0.19999999999999996,581
128,297,175625,0.001,0.05,1312.73,43656,9.794758625503164e-06,-0.19999999999999996,591
132,298,179788,0.001,0.05,1319.58,44696,1.5634230976502295e-06,-0.19999999999999996,601
136,301,184586,0.001,0.05,1328.45,45896,9.391198545927182e-06,-0.19999999999999996,612
140,303,190621,0.001,0.05,1335.15,47405,1.1430253834987525e-05,-0.19999999999999996,627
144,304,194411,0.001,0.05,1317.17,48352,3.4819895518012345e-06,-0.19999999999999996,637
148,306,198605,0.001,0.05,1301.89,49401,6.9311254264903255e-06,-0.19999999999999996,648
152,308,204700,0.001,0.05,1306.37,50924,6.871226560178911e-06,-0.19999999999999996,663
156,290,210139,0.001,0.05,1311.79,52284,1.1975609595538117e-05,-0.19999999999999996,722
160,291,215122,0.001,0.05,1324.49,53530,5.621690070256591e-05,-0.19999999999999996,737
164,292,220013,0.001,0.05,1315.28,54753,3.853693669952918e-06,-0.19999999999999996,751
168,293,225219,0.001,0.05,1313.94,56054,6.602766006835736e-06,-0.19999999999999996,766
172,294,230457,0.001,0.05,1318.94,57364,2.389837391092442e-05,-0.19999999999999996,781
176,295,234462,0.001,0.05,1299.85,58365,6.289296379691223e-06,-0.19999999999999996,793
180,296,239896,0.001,0.05,1285.11,59723,3.4734683140413836e-05,-0.19999999999999996,810
184,297,246073,0.001,0.05,1287.78,61268,2.326309640920954e-06,-0.19999999999999996,827
188,298,251311,0.001,0.05,1282.52,62577,3.3406981856387574e-06,-0.19999999999999996,842
192,288,256996,0.001,0.05,1270.36,63998,3.647443008958362e-06,-0.19999999999999996,889
196,289,262264,0.001,0.05,1264.07,65315,5.199773568165256e-06,-0.19999999999999996,905
200,290,267970,0.001,0.05,1265.84,66742,1.7666952771833166e-05,-0.19999999999999996,922
204,291,273919,0.001,0.05,1269.27,68229,9.285989108320791e-06,-0.19999999999999996,939
208,292,280282,0.001,0.05,1276.03,69820,3.620054485509172e-06,-0.19999999999999996,957
212,293,285377,0.001,0.05,1281.24,71094,2.6991834602085873e-05,-0.19999999999999996,972
216,294,291016,0.001,0.05,1284.9,72503,1.9526755750121083e-06,-0.19999999999999996,986
220,296,296180,0.001,0.05,1300.0,73794,6.315514838206582e-06,-0.19999999999999996,999
224,298,303223,0.001,0.05,1316.72,75555,2.5215658752131276e-06,-0.19999999999999996,1015
228,285,308562,0.001,0.05,1329.37,76890,5.221181254455587e-06,-0.19999999999999996,1082
232,286,314508,0.001,0.05,1347.2,78376,4.3885652303288225e-06,-0.19999999999999996,1097
236,287,320257,0.001,0.05,1356.71,79814,0.00016215779760386795,-0.19999999999999996,1112
240,289,326613,0.001,0.05,1359.92,81403,6.888125062687322e-05,-0.19999999999999996,1129
244,290,332728,0.001,0.05,1383.17,82931,1.3724780728807673e-05,-0.19999999999999996,1147
248,290,338439,0.001,0.05,1398.34,84359,2.5977392397180665e-06,-0.19999999999999996,1164
252,291,344282,0.001,0.05,1395.82,85820,1.593397655597073e-06,-0.19999999999999996,1180
256,291,348585,0.001,0.05,1384.46,86896,6.337626928143436e-06,-0.19999999999999996,1194
260,292,354653,0.001,0.05,1395.31,88413,2.1972166450723307e-06,-0.19999999999999996,1212
264,286,359939,0.001,0.05,1399.26,89734,4.533773335424485e-06,-0.19999999999999996,1257
268,287,366998,0.001,0.05,1417.79,91499,2.5487993298156653e-06,-0.19999999999999996,1277
272,288,373059,0.001,0.05,1426.02,93014,5.1829842959705275e-06,-0.19999999999999996,1292
276,289,378882,0.001,0.05,1444.2,94470,5.923812750552315e-06,-0.19999999999999996,1306
280,291,385092,0.001,0.05,1451.96,96022,3.2514317354070954e-06,-0.19999999999999996,1323
284,292,391528,0.001,0.05,1454.55,97631,2.169691697417875e-06,-0.19999999999999996,1339
288,293,399170,0.001,0.05,1478.59,99542,1.4889816384311416e-06,-0.19999999999999996,1358
292,294,404279,0.001,0.05,1472.83,100819,1.1730627420547535e-06,-0.19999999999999996,1371
296,295,408643,0.001,0.05,1463.79,101910,2.2481010546471225e-06,-0.19999999999999996,1382
300,282,416003,0.001,0.05,1480.33,103750,8.387854904867709e-06,-0.19999999999999996,1472
304,283,420654,0.001,0.05,1467.35,104913,5.9189414969296195e-06,-0.19999999999999996,1483
308,284,426889,0.001,0.05,1466.07,106472,2.4374062377319206e-06,-0.19999999999999996,1498
312,285,433150,0.001,0.05,1477.73,108037,4.822211849386804e-06,-0.19999999999999996,1515
316,286,437778,0.001,0.05,1467.62,109194,3.2016364457376767e-06,-0.18799999999999997,1527
320,287,444271,0.001,0.05,1480.91,110817,2.8838153411925305e-06,-0.18799999999999997,1544
324,288,450195,0.001,0.05,1469.72,112298,2.511704451535479e-06,-0.18799999999999997,1559
328,289,454375,0.001,0.05,1458.13,113343,1.341328697890276e-06,-0.18799999999999997,1570
332,290,458476,0.001,0.05,1439.68,114368,9.446420335734729e-06,-0.18799999999999997,1580
336,286,463283,0.001,0.05,1430.26,115570,3.100032699876465e-06,-0.18799999999999997,1618
340,287,469385,0.001,0.05,1427.72,117096,1.5069815162860323e-05,-0.18799999999999997,1632
344,288,472895,0.001,0.05,1401.67,117973,9.128660167334601e-06,-0.18799999999999997,1641
348,288,476408,0.001,0.05,1379.69,118851,9.40430982154794e-06,-0.18799999999999997,1649
352,289,480926,0.001,0.05,1366.44,119981,0.00012556389265228063,-0.18799999999999997,1661
356,290,485589,0.001,0.05,1370.04,121147,7.914574780443218e-06,-0.18799999999999997,1672
360,291,491805,0.001,0.05,1371.52,122701,4.912329131911974e-06,-0.18799999999999997,1688
364,291,497927,0.001,0.05,1379.88,124231,1.0741016922111157e-05,-0.18799999999999997,1707
368,292,502974,0.001,0.05,1359.76,125493,1.5224522030621301e-05,-0.18799999999999997,1722
372,292,506673,0.001,0.05,1336.14,126418,4.300948148738826e-06,-0.18799999999999997,1732
376,293,511307,0.001,0.05,1324.25,127576,1.8221438949694857e-05,-0.18799999999999997,1743
380,281,517058,0.001,0.05,1319.66,129014,7.888943400757853e-06,-0.18799999999999997,1834
384,282,522898,0.001,0.05,1313.7,130474,4.702701971837087e-06,-0.18799999999999997,1849
388,283,529577,0.001,0.05,1304.07,132144,1.7695521137284231e-06,-0.18799999999999997,1867
392,284,534590,0.001,0.05,1303.11,133397,1.1467100193840452e-05,-0.18799999999999997,1880
396,285,541077,0.001,0.05,1324.34,135019,2.0226638298481703e-05,-0.18799999999999997,1894
400,286,545220,0.001,0.05,1292.17,136054,8.8816550487536e-06,-0.18799999999999997,1905
404,286,550139,0.001,0.05,1294.85,137284,1.0789328371174634e-05,-0.18799999999999997,1920
408,286,557023,0.001,0.05,1301.34,139005,9.619630873203278e-06,-0.18799999999999997,1941
412,287,560981,0.001,0.05,1278.31,139995,1.104547300201375e-05,-0.18799999999999997,1953
416,277,566259,0.001,0.05,1284.81,141314,5.3985386330168694e-06,-0.19999999999999996,2039
420,278,572927,0.001,0.05,1286.56,142981,3.768626129385666e-06,-0.19999999999999996,2058
424,279,578333,0.001,0.05,1281.38,144333,5.611383130599279e-06,-0.19999999999999996,2072
428,279,583069,0.001,0.05,1286.94,145517,1.0545525583438575e-05,-0.19999999999999996,2084
432,280,587787,0.001,0.05,1293.11,146696,2.6863469884119695e-06,-0.19999999999999996,2098
436,280,592043,0.001,0.05,1287.6,147760,1.1876553799083922e-05,-0.19999999999999996,2110
440,281,597628,0.001,0.05,1282.43,149156,8.655824785819277e-06,-0.19999999999999996,2126
444,281,605155,0.001,0.05,1322.6,151038,1.143239023804199e-05,-0.19999999999999996,2147
448,282,612290,0.001,0.05,1358.82,152822,3.9356596062134486e-06,-0.19999999999999996,2169
452,277,618778,0.001,0.05,1378.52,154444,7.7325566962827e-06,-0.19999999999999996,2229
456,278,624990,0.001,0.05,1394.01,155997,2.9659865958819864e-06,-0.19999999999999996,2248
460,278,629643,0.001,0.05,1378.38,157160,1.3116748505126452e-06,-0.19999999999999996,2261
464,278,635720,0.001,0.05,1377.93,158679,4.627603630069643e-06,-0.19999999999999996,2279
468,279,641167,0.001,0.05,1381.93,160041,4.232224000588758e-06,-0.19999999999999996,2296
472,279,646202,0.001,0.05,1395.29,161300,6.550205853272928e-06,-0.19999999999999996,2312
476,279,651589,0.001,0.05,1402.82,162647,5.437242634798167e-06,-0.19999999999999996,2328
480,280,657016,0.001,0.05,1399.58,164003,1.1036971955036279e-05,-0.19999999999999996,2345
484,280,661927,0.001,0.05,1390.29,165231,5.787313057226129e-06,-0.19999999999999996,2360
488,275,669826,0.001,0.05,1402.49,167206,9.155423867923673e-06,-0.19999999999999996,2431
492,275,674706,0.001,0.05,1401.16,168426,4.343178261478897e-06,-0.19999999999999996,2446
496,276,678784,0.001,0.05,1377.07,169445,4.151370740146376e-05,-0.19999999999999996,2458
500,276,683728,0.001,0.05,1385.08,170681,6.004920123814372e-06,-0.19999999999999996,2474
504,276,688829,0.001,0.05,1386.9,171957,1.0064380148833152e-05,-0.19999999999999996,2490
508,276,694465,0.001,0.05,1374.42,173366,4.324572728364728e-06,-0.19999999999999996,2507
512,277,700343,0.001,0.05,1393.62,174835,1.412560959579423e-05,-0.19999999999999996,2524
516,277,705211,0.001,0.05,1389.52,176052,1.0317519809177611e-05,-0.19999999999999996,2539
520,278,711346,0.001,0.05,1384.19,177586,2.9156519758544164e-06,-0.19999999999999996,2558
524,269,718074,0.001,0.05,1397.41,179268,4.780638846568763e-06,-0.19999999999999996,2665
528,269,722189,0.001,0.05,1391.2,180297,2.635162218211917e-06,-0.19999999999999996,2679
532,269,728409,0.001,0.05,1406.22,181852,6.01366537011927e-06,-0.19999999999999996,2698
536,270,734250,0.001,0.05,1422.07,183312,3.0015167794772424e-05,-0.19999999999999996,2716
540,270,740366,0.001,0.05,1427.38,184841,9.696031156636309e-06,-0.19999999999999996,2735
544,271,745410,0.001,0.05,1402.55,186102,1.3691785170522053e-05,-0.19999999999999996,2750
548,271,751994,0.001,0.05,1397.04,187748,7.265898602781817e-06,-0.19999999999999996,2770
552,271,757382,0.001,0.05,1386.04,189095,2.4056997062871233e-05,-0.19999999999999996,2787
556,271,761781,0.001,0.05,1367.91,190195,3.408776319702156e-05,-0.19999999999999996,2800
560,272,766073,0.001,0.05,1364.3,191268,6.9978018473193515e-06,-0.19999999999999996,2813
564,270,771041,0.001,0.05,1353.21,192510,4.593418907461455e-06,-0.19999999999999996,2854
568,270,777223,0.001,0.05,1360.56,194055,9.897496966004837e-06,-0.19999999999999996,2873
572,270,782963,0.001,0.05,1367.61,195490,1.5483848983421922e-05,-0.19999999999999996,2891
576,271,789447,0.001,0.05,1378.58,197111,5.7721488701645285e-05,-0.19999999999999996,2910
580,271,794892,0.001,0.05,1378.76,198472,1.842376877903007e-05,-0.19999999999999996,2926
584,271,800376,0.001,0.05,1384.49,199843,3.555316652636975e-05,-0.19999999999999996,2944
588,272,807649,0.001,0.05,1378.23,201662,4.962677849107422e-05,-0.19999999999999996,2966
592,272,812254,0.001,0.05,1375.48,202813,4.094270025234437e-06,-0.19999999999999996,2980
596,272,818460,0.001,0.05,1396.76,204364,6.83470643707551e-05,-0.19999999999999996,2999
600,268,822249,0.001,0.05,1385.21,205312,2.535209569032304e-05,-0.19999999999999996,3061
604,268,827579,0.001,0.05,1387.5,206644,1.4911921425664332e-05,-0.19999999999999996,3077
608,269,832823,0.001,0.05,1383.58,207955,7.485266451112693e-06,-0.19999999999999996,3093
612,269,838941,0.001,0.05,1385.98,209485,3.3821456781879533e-06,-0.19999999999999996,3112
616,269,843446,0.001,0.05,1382.35,210611,8.596388397563715e-06,-0.19999999999999996,3126
620,270,849970,0.001,0.05,1386.24,212242,6.5443196035630535e-06,-0.19999999999999996,3146
624,270,855049,0.001,0.05,1369.75,213512,1.7887239664560184e-05,-0.19999999999999996,3162
628,270,859698,0.001,0.05,1375.09,214674,0.00013313112140167505,-0.19999999999999996,3176
632,270,866079,0.001,0.05,1376.7,216269,6.825711170677096e-05,-0.19999999999999996,3196
636,268,871735,0.001,0.05,1374.85,217683,1.5908934074104764e-05,-0.19999999999999996,3241
640,269,876446,0.001,0.05,1360.8,218861,7.452933459717315e-06,-0.19999999999999996,3255
644,269,882012,0.001,0.05,1366.02,220252,1.7956779629457742e-05,-0.19999999999999996,3273
648,269,887106,0.001,0.05,1351.12,221526,7.363579788943753e-05,-0.19999999999999996,3287
652,270,893206,0.001,0.05,1358.24,223051,1.2454529496608302e-05,-0.19999999999999996,3305
656,270,897834,0.001,0.05,1360.53,224208,1.4521577213599812e-05,-0.19999999999999996,3319
660,270,902377,0.001,0.05,1363.04,225344,1.3085310456517618e-05,-0.19999999999999996,3331
664,271,907535,0.001,0.05,1364.94,226633,0.0001045803219312802,-0.19999999999999996,3343
668,271,912054,0.001,0.05,1348.31,227763,1.967026400961913e-05,-0.19999999999999996,3354
672,272,918413,0.001,0.05,1354.5,229353,0.00023085896100383252,-0.19999999999999996,3372
676,270,924323,0.001,0.05,1348.76,230830,1.7626116459723562e-05,-0.19999999999999996,3418
680,271,928648,0.001,0.05,1337.56,231911,8.954265467764344e-06,-0.19999999999999996,3423
684,272,933945,0.001,0.05,1335.69,233236,1.1374557288945653e-05,-0.19999999999999996,3428
688,273,938869,0.001,0.05,1312.2,234467,1.0232271961285733e-05,-0.19999999999999996,3433
692,274,942995,0.001,0.05,1307.41,235498,6.812747596995905e-05,-0.19999999999999996,3438
696,275,948750,0.001,0.05,1302.9,236937,3.302432014606893e-05,-0.19999999999999996,3444
700,276,954210,0.001,0.05,1319.61,238302,1.2832906577386893e-05,-0.19999999999999996,3449
704,277,960064,0.001,0.05,1324.85,239765,3.208607085980475e-05,-0.19999999999999996,3455
708,278,965002,0.001,0.05,1321.79,241000,1.1628079846559558e-05,-0.19999999999999996,3460
712,279,969496,0.001,0.05,1305.55,242123,5.551381946133915e-06,-0.19999999999999996,3464
716,279,973334,0.001,0.05,1298.88,243083,4.499301576288417e-05,-0.19999999999999996,3486
720,280,977857,0.001,0.05,1278.87,244214,2.115258939738851e-05,-0.19999999999999996,3490
724,281,984835,0.001,0.05,1297.86,245958,7.505967914767098e-06,-0.19999999999999996,3497
728,282,988812,0.001,0.05,1291.14,246952,3.3609259844524786e-05,-0.19999999999999996,3501
732,283,996319,0.001,0.05,1302.4,248829,7.672148058190942e-05,-0.19999999999999996,3509
736,285,1002793,0.001,0.05,1310.58,250448,9.466811206948478e-06,-0.19999999999999996,3515
740,286,1007341,0.001,0.05,1308.95,251585,5.678885645465925e-05,-0.19999999999999996,3519
744,287,1011433,0.001,0.05,1294.21,252608,1.8163415006711148e-05,-0.19999999999999996,3523
748,287,1015695,0.001,0.05,1285.89,253673,3.174749872414395e-05,-0.19999999999999996,3528
752,289,1021402,0.001,0.05,1281.96,255100,0.0010052274446934462,-0.19999999999999996,3533
