rollout/exploration_rate,time/fps,time/total_timesteps,train/n_updates,train/loss,time/time_elapsed,time/episodes,rollout/ep_len_mean,train/learning_rate,rollout/ep_rew_mean
0.7932080078125003,446,4458,864,9.192197467200458e-06,9,4,1114.5,0.001,-0.2
0.6073364257812496,651,8465,1866,7.254123829625314e-06,13,8,1058.125,0.001,-0.2
0.3460400390625,803,14098,3274,7.608202395203989e-06,17,12,1174.8333333333333,0.001,-0.20000000000000004
0.1319653320312496,885,18713,4428,4.766804067912744e-06,21,16,1169.5625,0.001,-0.2
0.05,952,24956,5988,0.00023027544375509024,26,20,1247.8,0.001,-0.20000000000000004
0.05,992,31293,7573,1.5974773077687132e-06,31,24,1303.875,0.001,-0.20000000000000004
0.05,1024,37276,9068,3.0716657875018427e-06,36,28,1331.2857142857142,0.001,-0.20000000000000004
0.05,1053,45107,11026,3.0188450637069764e-06,42,32,1409.59375,0.001,-0.2
0.05,1062,50230,12307,5.787203008367214e-06,47,36,1395.2777777777778,0.001,-0.20000000000000004
0.05,934,55446,13611,1.3157414286979474e-06,59,40,1386.15,0.001,-0.2
0.05,954,60694,14923,3.6645781165134395e-06,63,44,1379.409090909091,0.001,-0.19999999999999993
0.05,971,65860,16214,1.5203461771307047e-05,67,48,1372.0833333333333,0.001,-0.19999999999999998
0.05,984,70870,17467,1.1835147688543657e-06,71,52,1362.8846153846155,0.001,-0.19999999999999993
0.05,1000,77174,19043,2.6212634111288935e-05,77,56,1378.107142857143,0.001,-0.19999999999999998
0.05,1012,82972,20492,1.3302903425937984e-05,81,60,1382.8666666666666,0.001,-0.19999999999999993
0.05,1021,87674,21668,1.1412687854317483e-05,85,64,1369.90625,0.001,-0.19999999999999998
0.05,1028,93503,23125,4.5763077650917694e-05,90,68,1375.0441176470588,0.001,-0.19999999999999996
0.05,1040,100553,24888,2.7351363314664923e-05,96,72,1396.5694444444443,0.001,-0.19999999999999998
0.05,969,104722,25930,1.9282692846900318e-06,108,76,1377.921052631579,0.001,-0.19999999999999996
0.05,977,110851,27462,4.321598680689931e-06,113,80,1385.6375,0.001,-0.19999999999999998
0.05,987,116837,28959,6.256918823055457e-06,118,84,1390.9166666666667,0.001,-0.19999999999999996
0.05,998,124365,30841,8.910213864510297e-07,124,88,1413.2386363636363,0.001,-0.19999999999999998
0.05,1005,131204,32550,6.49209005132434e-06,130,92,1426.1304347826087,0.001,-0.19999999999999996
0.05,1011,135623,33655,1.222468540618138e-06,134,96,1412.7395833333333,0.001,-0.19999999999999998
0.05,1017,141139,35034,1.236866410181392e-05,138,100,1411.39,0.001,-0.19999999999999996
0.05,1022,146420,36354,1.50835512613412e-06,143,104,1419.62,0.001,-0.19999999999999996
0.05,1028,152258,37814,1.6380581655539572e-05,148,108,1437.93,0.001,-0.19999999999999996
0.05,946,158887,39471,8.724644430913031e-06,167,112,1447.89,0.001,-0.19999999999999996
0.05,954,166605,41401,2.2322235508909216e-06,174,116,1478.92,0.001,-0.19999999999999996
0.05,961,171939,42734,6.8356384872458875e-06,178,120,1469.83,0.001,-0.19999999999999996
0.05,967,177594,44148,1.1978065685980255e-06,183,124,1463.01,0.001,-0.19999999999999996
0.05,974,184139,45784,8.86210000317078e-06,188,128,1468.63,0.001,-0.19999999999999996
0.05,979,189782,47195,9.751018296810798e-06,193,132,1446.75,0.001,-0.19999999999999996
0.05,983,195491,48622,3.4398083244013833e-06,198,136,1452.61,0.001,-0.19999999999999996
0.05,988,200795,49948,1.1366721992089879e-05,203,140,1453.49,0.001,-0.19999999999999996
