time/time_elapsed,train/n_updates,time/episodes,time/total_timesteps,train/loss,train/learning_rate,time/fps,rollout/ep_len_mean,rollout/exploration_rate,rollout/ep_rew_mean
51,1124,4,5500,1.440014102627174e-06,0.001,105,1375.0,0.744873046875,-0.2
63,2601,8,11405,9.427089025848545e-06,0.001,178,1425.625,0.4709594726562514,-0.2
74,3945,12,16782,1.1380154319340363e-05,0.001,224,1398.5,0.22153808593749824,-0.20000000000000004
88,5439,16,22757,1.0504710189707112e-05,0.001,256,1422.3125,0.05,-0.2
101,6809,20,28240,4.106957021576818e-06,0.001,278,1412.0,0.05,-0.20000000000000004
115,8223,24,33896,7.811404145741108e-08,0.001,294,1412.3333333333333,0.05,-0.20000000000000004
128,9520,28,39081,7.612328545292257e-07,0.001,305,1395.75,0.05,-0.20000000000000004
140,10919,32,44678,6.355683126457734e-07,0.001,317,1396.1875,0.05,-0.2
153,12358,36,50435,6.406081070053915e-07,0.001,327,1400.9722222222222,0.05,-0.20000000000000004
202,13728,40,55916,6.040307454213689e-08,0.001,276,1397.9,0.05,-0.2
216,15237,44,61951,1.4431459931074642e-05,0.001,285,1407.9772727272727,0.05,-0.19999999999999993
233,16763,48,68053,1.213486342521719e-07,0.001,291,1417.7708333333333,0.05,-0.19999999999999998
246,17959,52,72839,1.2507024393926258e-06,0.001,295,1400.75,0.05,-0.19999999999999993
258,19166,56,77665,2.441319111312623e-07,0.001,300,1386.875,0.05,-0.19999999999999998
270,20336,60,82347,5.93678748828097e-07,0.001,304,1372.45,0.05,-0.19999999999999993
285,21678,64,87714,2.955113586722291e-06,0.001,307,1370.53125,0.05,-0.19999999999999998
296,22975,68,92902,7.194527142928564e-07,0.001,313,1366.2058823529412,0.05,-0.19999999999999996
308,24296,72,98187,4.979562504558999e-07,0.001,318,1363.7083333333333,0.05,-0.19999999999999998
352,25440,76,102764,8.9601167019282e-07,0.001,291,1352.157894736842,0.05,-0.19999999999999996
362,26584,80,107338,1.4555688210293738e-07,0.001,296,1341.725,0.05,-0.19999999999999998
374,27902,84,112612,8.317828132931027e-07,0.001,300,1340.6190476190477,0.05,-0.19999999999999996
384,29011,88,117047,4.956772272635135e-07,0.001,304,1330.0795454545455,0.05,-0.19999999999999998
397,30423,92,122693,9.646383887229604e-07,0.001,308,1333.6195652173913,0.05,-0.19999999999999996
408,31635,96,127544,4.924039558318327e-07,0.001,312,1328.5833333333333,0.05,-0.19999999999999998
419,32976,100,132905,5.739733296650229e-06,0.001,316,1329.05,0.05,-0.19999999999999996
432,34572,104,139292,3.750922815015656e-06,0.001,321,1337.92,0.05,-0.19999999999999996
444,35922,108,144689,5.080401479062857e-06,0.001,325,1332.84,0.05,-0.19999999999999996
459,37419,112,150679,5.08109042129945e-06,0.001,328,1338.97,0.05,-0.19999999999999996
515,38756,116,156028,9.611569566914113e-07,0.001,302,1332.71,0.05,-0.19999999999999996
531,40203,120,161814,3.5615501019492513e-06,0.001,304,1335.74,0.05,-0.19999999999999996
540,41327,124,166309,5.0575736167957075e-06,0.001,307,1324.13,0.05,-0.19999999999999996
553,42665,128,171662,2.4241085156972986e-06,0.001,309,1325.81,0.05,-0.19999999999999996
567,43937,132,176752,1.1828233255073428e-06,0.001,311,1320.74,0.05,-0.19999999999999996
578,45134,136,181540,3.0140690796542913e-06,0.001,313,1311.05,0.05,-0.19999999999999996
590,46461,140,186846,5.899286861676956e-06,0.001,316,1309.3,0.05,-0.19999999999999996
599,47619,144,191477,2.404192400717875e-06,0.001,319,1295.26,0.05,-0.19999999999999996
612,48754,148,196020,5.501560735865496e-07,0.001,320,1279.67,0.05,-0.19999999999999996
629,50192,152,201771,2.408310137980152e-06,0.001,320,1289.32,0.05,-0.19999999999999996
659,51046,156,205188,3.3020617138390662e-06,0.001,311,1275.23,0.05,-0.19999999999999996
667,52300,160,210203,7.377690280918614e-07,0.001,314,1278.56,0.05,-0.19999999999999996
679,53436,164,214746,6.464823400165187e-06,0.001,316,1270.32,0.05,-0.19999999999999996
694,54818,168,220273,4.674037086260796e-07,0.001,317,1273.71,0.05,-0.19999999999999996
709,56066,172,225267,6.251950253499672e-06,0.001,317,1270.8,0.05,-0.19999999999999996
723,57282,176,230131,1.2640628028748324e-06,0.001,318,1273.67,0.05,-0.19999999999999996
734,58527,180,235112,6.826181106589502e-06,0.001,319,1277.74,0.05,-0.19999999999999996
739,59607,184,239430,8.232120308093727e-06,0.001,323,1268.18,0.05,-0.19999999999999996
744,60879,188,244517,1.9825654362648493e-06,0.001,328,1274.7,0.05,-0.19999999999999996
750,62320,192,250282,5.866655214958882e-07,0.001,333,1275.89,0.05,-0.19999999999999996
755,63684,196,255738,5.219860668148613e-07,0.001,338,1281.94,0.05,-0.19999999999999996
767,65065,200,261261,5.509380684998177e-07,0.001,340,1283.56,0.05,-0.19999999999999996
772,66371,204,266485,4.2773743302859657e-07,0.001,345,1271.93,0.05,-0.19999999999999996
777,67834,208,272338,1.623020466468006e-06,0.001,350,1276.49,0.05,-0.19999999999999996
781,69070,212,277282,5.606501076727e-07,0.001,354,1266.03,0.05,-0.19999999999999996
785,70319,216,282279,2.213732614109176e-06,0.001,359,1262.51,0.05,-0.19999999999999996
790,71734,220,287940,4.2534321664788877e-07,0.001,364,1261.26,0.05,-0.19999999999999996
795,73206,224,293825,2.704497603644995e-07,0.001,369,1275.16,0.05,-0.19999999999999996
800,74625,228,299501,1.6549345218663802e-06,0.001,374,1278.39,0.05,-0.19999999999999996
805,76127,232,305510,2.542984020692529e-06,0.001,379,1287.58,0.05,-0.19999999999999996
818,77587,236,311352,1.7824637552621425e-06,0.001,380,1298.12,0.05,-0.19999999999999996
822,78866,240,316466,3.2046017395259696e-07,0.001,384,1296.2,0.05,-0.19999999999999996
827,80479,244,322918,5.674573344549572e-07,0.001,390,1314.41,0.05,-0.19999999999999996
833,82113,248,329456,3.064613736114552e-07,0.001,395,1334.36,0.05,-0.19999999999999996
838,83553,252,335213,1.8669589962883038e-07,0.001,399,1334.42,0.05,-0.19999999999999996
843,84910,256,340641,1.4579650553514512e-07,0.001,404,1354.53,0.05,-0.19999999999999996
848,86390,260,346562,2.799293270072667e-06,0.001,408,1363.59,0.05,-0.19999999999999996
853,87847,264,352392,6.7103319452144206e-06,0.001,412,1376.46,0.05,-0.19999999999999996
907,89356,268,358425,7.085910169735143e-07,0.001,394,1381.52,0.05,-0.19999999999999996
920,90807,272,364230,2.697904392334749e-06,0.001,395,1389.63,0.05,-0.19999999999999996
934,92340,276,370362,4.6117489205244055e-07,0.001,396,1402.31,0.05,-0.19999999999999996
947,93739,280,375958,6.841582376182487e-07,0.001,396,1408.46,0.05,-0.19999999999999996
959,95104,284,381417,1.216066721099196e-06,0.001,397,1419.87,0.05,-0.19999999999999996
971,96415,288,386662,1.7568482917340589e-06,0.001,397,1421.45,0.05,-0.19999999999999996
983,97560,292,391241,6.409636625903659e-07,0.001,397,1409.59,0.05,-0.19999999999999996
996,98752,296,396010,7.376125950031565e-07,0.001,397,1402.72,0.05,-0.19999999999999996
1010,100085,300,401343,7.64500214245345e-07,0.001,397,1400.82,0.05,-0.19999999999999996
1026,101449,304,406799,9.460552519158227e-07,0.001,396,1403.14,0.05,-0.19999999999999996
1079,102899,308,412599,5.347625915419485e-07,0.001,382,1402.61,0.05,-0.19999999999999996
1091,104276,312,418108,7.467416907047664e-08,0.001,382,1408.26,0.05,-0.19999999999999996
1106,105689,316,423758,5.851038054061064e-07,0.001,383,1414.79,0.05,-0.19999999999999996
1118,107100,320,429404,3.4816849847629783e-07,0.001,383,1414.64,0.05,-0.19999999999999996
1132,108505,324,435021,1.1903606491614482e-06,0.001,383,1411.96,0.05,-0.19999999999999996
1145,109727,328,439911,8.82546942193585e-07,0.001,384,1404.1,0.05,-0.19999999999999996
1159,111074,332,445298,2.7731309160117235e-07,0.001,383,1397.88,0.05,-0.19999999999999996
1175,112498,336,450993,1.0719965359839989e-07,0.001,383,1396.41,0.05,-0.19999999999999996
1190,113995,340,456981,4.055889348819619e-07,0.001,383,1405.15,0.05,-0.19999999999999996
1241,115341,344,462366,4.4204284677107353e-07,0.001,372,1394.48,0.05,-0.19999999999999996
1255,116726,348,467907,5.528352744477161e-07,0.001,372,1384.51,0.05,-0.19999999999999996
1269,118002,352,473010,2.677488168956188e-07,0.001,372,1377.97,0.05,-0.19999999999999996
1283,119355,356,478421,5.809592380501272e-07,0.001,372,1377.8,0.05,-0.19999999999999996
1296,120695,360,483782,2.9314387006706966e-07,0.001,373,1372.2,0.05,-0.19999999999999996
1309,122044,364,489177,2.4472788595630846e-07,0.001,373,1367.85,0.05,-0.19999999999999996
1325,123582,368,495331,1.1880871397806914e-07,0.001,373,1369.06,0.05,-0.19999999999999996
1336,124722,372,499891,2.8840020149800694e-07,0.001,374,1356.61,0.05,-0.19999999999999996
1347,125798,376,504196,6.527205300699279e-07,0.001,374,1338.34,0.05,-0.19999999999999996
1361,127093,380,509376,4.1903570036083693e-07,0.001,374,1334.18,0.05,-0.19999999999999996
1409,128431,384,514727,5.1137681111868e-07,0.001,365,1333.1,0.05,-0.19999999999999996
1425,130097,388,521390,4.6698272626599646e-07,0.001,365,1347.28,0.05,-0.19999999999999996
1439,131329,392,526319,1.7802992147153418e-07,0.001,365,1350.78,0.05,-0.19999999999999996
1453,132571,396,531286,3.929726517526433e-07,0.001,365,1352.76,0.05,-0.19999999999999996
1468,133885,400,536542,1.1225102980461088e-07,0.001,365,1351.99,0.05,-0.19999999999999996
1483,135239,404,541960,4.967176892023417e-07,0.001,365,1351.61,0.05,-0.19999999999999996
1500,136601,408,547405,3.1770429131938727e-07,0.001,364,1348.06,0.05,-0.19999999999999996
1515,137956,412,552825,1.7286663478444098e-07,0.001,364,1347.17,0.05,-0.19999999999999996
1529,139250,416,558004,1.579813471153102e-07,0.001,364,1342.46,0.05,-0.19999999999999996
1569,140699,420,563799,1.1565213497988225e-07,0.001,359,1343.95,0.05,-0.19999999999999996
1584,142080,424,569321,7.858818662498379e-08,0.001,359,1343.0,0.05,-0.19999999999999996
1597,143352,428,574411,1.4944282611395465e-07,0.001,359,1345.0,0.05,-0.19999999999999996
1611,144717,432,579870,5.387221904129547e-07,0.001,359,1345.72,0.05,-0.19999999999999996
1628,146136,436,585547,4.276428740013216e-07,0.001,359,1345.54,0.05,-0.19999999999999996
1644,147581,440,591325,5.653369044011924e-07,0.001,359,1343.44,0.05,-0.19999999999999996
1660,149147,444,597591,2.1705955077777617e-07,0.001,359,1352.25,0.05,-0.19999999999999996
1673,150491,448,602965,9.010426538225147e-08,0.001,360,1350.58,0.05,-0.19999999999999996
1688,151987,452,608951,2.89996336277909e-07,0.001,360,1359.41,0.05,-0.19999999999999996
1754,153406,456,614627,5.591276419636415e-08,0.001,350,1362.06,0.05,-0.19999999999999996
1762,154503,460,619014,8.421947939041274e-08,0.001,351,1352.32,0.05,-0.19999999999999996
1772,155557,464,623230,6.861031920379901e-08,0.001,351,1340.53,0.05,-0.19999999999999996
1781,156644,468,627577,1.480405842357868e-07,0.001,352,1322.46,0.05,-0.19999999999999996
1791,157780,472,632121,1.2840611418596382e-07,0.001,352,1322.3,0.05,-0.19999999999999996
1801,159007,476,637032,2.007467259090845e-07,0.001,353,1328.36,0.05,-0.19999999999999996
1815,160379,480,642519,5.280168124954798e-07,0.001,353,1331.43,0.05,-0.19999999999999996
1832,161794,484,648178,1.6330842811385082e-07,0.001,353,1334.51,0.05,-0.19999999999999996
1847,163223,488,653895,3.0591587574235746e-07,0.001,354,1325.05,0.05,-0.19999999999999996
1858,164579,492,659318,1.0945228723358014e-07,0.001,354,1329.99,0.05,-0.19999999999999996
1870,165949,496,664799,2.539251454436453e-06,0.001,355,1335.13,0.05,-0.19999999999999996
1900,167177,500,669711,1.7942107888302417e-07,0.001,352,1331.69,0.05,-0.19999999999999996
1911,168557,504,675230,1.9868862466410064e-07,0.001,353,1332.7,0.05,-0.19999999999999996
1921,169909,508,680637,2.5420126803510357e-07,0.001,354,1332.32,0.05,-0.19999999999999996
1926,171172,512,685691,4.438741711965122e-07,0.001,355,1328.66,0.05,-0.19999999999999996
1932,172559,516,691238,2.0595126670741593e-07,0.001,357,1332.34,0.05,-0.19999999999999996
1936,173697,520,695789,9.637140863105742e-08,0.001,359,1319.9,0.05,-0.19999999999999996
1941,174925,524,700704,3.273048037044646e-07,0.001,360,1313.83,0.05,-0.19999999999999996
1945,176221,528,705886,1.1586471515556696e-07,0.001,362,1314.75,0.05,-0.19999999999999996
1950,177479,532,710919,4.192067422081891e-07,0.001,364,1310.49,0.05,-0.19999999999999996
1956,178920,536,716683,2.484473213826277e-07,0.001,366,1311.36,0.05,-0.19999999999999996
1974,180173,540,721696,2.3378362357107108e-07,0.001,365,1303.71,0.05,-0.19999999999999996
1979,181670,544,727684,4.791874630427628e-07,0.001,367,1300.93,0.05,-0.19999999999999996
1985,183077,548,733309,1.7366903648508014e-07,0.001,369,1303.44,0.05,-0.19999999999999996
1990,184496,552,738987,4.162694153819757e-07,0.001,371,1300.36,0.05,-0.19999999999999996
1995,185939,556,744760,1.3913133045662107e-07,0.001,373,1301.33,0.05,-0.19999999999999996
2000,187136,560,749548,1.8500614373806457e-07,0.001,374,1305.34,0.05,-0.19999999999999996
2005,188564,564,755259,3.0100113690423314e-07,0.001,376,1320.29,0.05,-0.19999999999999996
2010,189825,568,760304,2.7595351070885954e-07,0.001,378,1327.27,0.05,-0.19999999999999996
2015,191186,572,765747,7.606168139773217e-08,0.001,379,1336.26,0.05,-0.19999999999999996
2061,192514,576,771057,1.843414452196157e-07,0.001,374,1340.25,0.05,-0.19999999999999996
2075,193969,580,776878,2.824784814947634e-07,0.001,374,1343.59,0.05,-0.19999999999999996
2090,195363,584,782456,1.252824688435794e-07,0.001,374,1342.78,0.05,-0.19999999999999996
2105,196732,588,787929,2.5816854076765594e-07,0.001,374,1340.34,0.05,-0.19999999999999996
2120,198178,592,793716,2.477746079421195e-07,0.001,374,1343.98,0.05,-0.19999999999999996
2135,199483,596,798933,8.763667835864908e-08,0.001,374,1341.34,0.05,-0.19999999999999996
2150,200965,600,804863,1.5255974972205877e-07,0.001,374,1351.52,0.05,-0.19999999999999996
2162,202330,604,810323,1.5571647793422017e-07,0.001,374,1350.93,0.05,-0.19999999999999996
2178,203928,608,816713,1.1311592373886015e-07,0.001,374,1360.76,0.05,-0.19999999999999996
2226,205234,612,821938,2.1489930190909945e-07,0.001,369,1362.47,0.05,-0.19999999999999996
2237,206645,616,827583,1.295999396688785e-07,0.001,369,1363.45,0.05,-0.19999999999999996
2250,207966,620,832865,6.758718029686861e-08,0.001,370,1370.76,0.05,-0.19999999999999996
2263,209350,624,838403,1.4321470587219665e-07,0.001,370,1376.99,0.05,-0.19999999999999996
2274,210685,628,843741,3.2325024790225143e-07,0.001,370,1378.55,0.05,-0.19999999999999996
2290,212179,632,849720,8.58434873407532e-07,0.001,371,1388.01,0.05,-0.19999999999999996
2304,213693,636,855774,1.76547860064602e-06,0.001,371,1390.91,0.05,-0.19999999999999996
2318,215187,640,861751,3.345018129152777e-08,0.001,371,1400.55,0.05,-0.19999999999999996
2331,216603,644,867414,1.1182975612200607e-07,0.001,371,1397.3,0.05,-0.19999999999999996
2365,218094,648,873378,1.195891456973186e-07,0.001,369,1400.69,0.05,-0.19999999999999996
2380,219486,652,878947,2.639837362039543e-07,0.001,369,1399.6,0.05,-0.19999999999999996
2394,220973,656,884893,2.5763972644199384e-07,0.001,369,1401.33,0.05,-0.19999999999999996
2408,222366,660,890467,1.8672893986604322e-07,0.001,369,1409.19,0.05,-0.19999999999999996
2421,223821,664,896287,3.1240739417626173e-07,0.001,370,1410.28,0.05,-0.19999999999999996
2425,225032,668,901132,2.1357197965699015e-07,0.001,371,1408.28,0.05,-0.19999999999999996
2432,226431,672,906725,4.942435225530062e-07,0.001,372,1409.78,0.05,-0.19999999999999996
2437,227684,676,911740,2.6022135557468573e-07,0.001,374,1406.83,0.05,-0.19999999999999996
2444,229146,680,917588,1.4097736311668996e-07,0.001,375,1407.1,0.05,-0.19999999999999996
2498,230744,684,923980,5.864207537342736e-07,0.001,369,1415.24,0.05,-0.19999999999999996
2513,232131,688,929527,1.0245131534247776e-06,0.001,369,1415.98,0.05,-0.19999999999999996
2526,233417,692,934671,8.021304864769263e-08,0.001,369,1409.55,0.05,-0.19999999999999996
2537,234858,696,940433,2.8092188131267903e-07,0.001,370,1415.0,0.05,-0.19999999999999996
2550,236339,700,946359,1.5480686954560952e-07,0.001,371,1414.96,0.05,-0.19999999999999996
2562,237858,704,952435,2.6080647330672946e-07,0.001,371,1421.12,0.05,-0.19999999999999996
2573,239055,708,957224,1.2671296190092107e-07,0.001,371,1405.11,0.05,-0.19999999999999996
2586,240366,712,962468,9.594186849426478e-07,0.001,372,1405.3,0.05,-0.19999999999999996
2600,241677,716,967711,1.9418228021095274e-06,0.001,372,1401.28,0.05,-0.19999999999999996
2612,242935,720,972744,3.125879857179825e-07,0.001,372,1398.79,0.05,-0.19999999999999996
2673,244364,724,978459,2.3005839011602802e-07,0.001,365,1400.56,0.05,-0.19999999999999996
2686,245693,728,983776,5.082602001493797e-07,0.001,366,1400.35,0.05,-0.19999999999999996
2701,247146,732,989585,5.047439799454878e-07,0.001,366,1398.65,0.05,-0.19999999999999996
2716,248519,736,995078,1.891581007384957e-07,0.001,366,1393.04,0.05,-0.19999999999999996
2729,249873,740,1000495,1.3254244777272106e-06,0.001,366,1387.44,0.05,-0.19999999999999996
2743,251307,744,1006230,4.569427858314157e-07,0.001,366,1388.16,0.05,-0.19999999999999996
2757,252708,748,1011834,3.3135611943180265e-07,0.001,366,1384.56,0.05,-0.19999999999999996
2773,254147,752,1017591,6.092912485655688e-07,0.001,366,1386.44,0.05,-0.19999999999999996
2787,255580,756,1023324,1.660289683513838e-07,0.001,367,1384.31,0.05,-0.19999999999999996
