time/iterations,rollout/ep_len_mean,time/total_timesteps,rollout/ep_rew_mean,time/fps,time/time_elapsed,train/n_updates,train/policy_gradient_loss,train/entropy_loss,train/explained_variance,train/loss,train/clip_fraction,train/clip_range,train/learning_rate,train/approx_kl,train/value_loss
1,1768.0,2048,1.0,76,26,,,,,,,,,,
2,1746.0,4096,0.4,139,29,5,-3.902635653503239e-05,-0.00399330235159141,-0.039342641830444336,0.0903884619474411,0.00048828125,0.2,0.0001,7.700952e-05,0.24969519674777985
3,1740.3333333333333,6144,0.20000000000000004,195,31,10,3.6186305806040764e-05,-0.005704670987324789,-6.305128574371338,0.019936153665184975,0.00078125,0.2,0.0001,0.00014281293,0.07346684858202934
4,1617.75,8192,0.4,243,33,15,-0.00021295108017511667,-0.01662775091826916,-9.2437744140625,0.00505059165880084,0.00322265625,0.2,0.0001,0.0003681509,0.01923607913777232
5,1661.6666666666667,10240,0.4000000000000001,284,36,20,9.757437510415913e-07,-0.005827740827953676,0.10314810276031494,0.04156631603837013,0.0015625,0.2,0.0001,0.00015770204,0.08551131263375282
6,1682.142857142857,12288,0.31428571428571433,321,38,24,-0.002096016254896919,-0.0104534424492158,0.30838680267333984,0.017578430473804474,0.007421875,0.2,0.0001,0.008175551,0.0809618425865968
7,1685.0,14336,0.25,352,40,29,0.0003403929702471942,-0.008693013683659956,-0.45287442207336426,0.039259497076272964,0.00048828125,0.2,0.0001,4.7914902e-05,0.13217637334018945
8,1691.6666666666667,16384,0.2,381,42,34,-0.001951764721889049,-0.015585806395392865,-0.040847063064575195,0.002283860929310322,0.005078125,0.2,0.0001,0.0010521915,0.006492992187850178
9,1700.6,18432,0.27999999999999997,406,45,39,-0.001137120253406465,-0.02322545878123492,0.4678816795349121,0.005760231055319309,0.00947265625,0.2,0.0001,0.001133648,0.005148025776725263
10,1701.7272727272727,20480,0.23636363636363633,430,47,44,-1.5528465155512094e-05,-0.0046652438300952784,0.3170550465583801,0.030817557126283646,0.0,0.2,0.0001,2.3714994e-05,0.0971397222019732
11,1698.7692307692307,22528,0.2615384615384615,453,49,49,-0.0006940650346223265,-0.030184624157845973,-3.3336267471313477,0.003532020142301917,0.00361328125,0.2,0.0001,0.000571285,0.01545823885826394
12,1699.9285714285713,24576,0.2285714285714285,470,52,54,-0.0013243046589195729,-0.07035192782059312,0.36977624893188477,0.030419498682022095,0.0154296875,0.2,0.0001,0.0030322555,0.12373125068843364
13,1735.9333333333334,26624,0.19999999999999993,488,54,59,-1.1973700020462275e-05,-0.012861610250547528,-1.877709150314331,0.01926763914525509,0.0,0.2,0.0001,1.6981387e-05,0.08975449316203594
14,1733.9375,28672,0.175,505,56,64,-0.0020545946434140207,-0.11624111328274012,-0.48399555683135986,0.001471005380153656,0.0158203125,0.2,0.0001,0.001936621,0.004448119754670188
15,1735.6470588235295,30720,0.22352941176470587,522,58,69,-0.0005230983020737767,-0.01834293392021209,-1.6868774890899658,0.004774016793817282,0.00390625,0.2,0.0001,0.00040626127,0.02065649249125272
16,1736.888888888889,32768,0.19999999999999998,536,61,74,-0.0003727169591002166,-0.010388896329095587,0.2606258988380432,0.042181454598903656,0.004296875,0.2,0.0001,0.00034134914,0.12654364127665757
17,1738.3,34816,0.15999999999999998,397,87,79,-0.0010037589119747282,-0.022024550824426115,0.7382768392562866,0.0011536842212080956,0.002734375,0.2,0.0001,0.00063353486,0.006528806313872338
18,1738.6666666666667,36864,0.14285714285714282,411,89,84,-0.00011251968098804354,-0.023197806417010726,-4.121070384979248,0.004312203731387854,0.0013671875,0.2,0.0001,0.000118213604,0.02021863469853997
19,1738.590909090909,38912,0.18181818181818177,422,92,89,-0.0008670235401950777,-0.02447506377939135,-0.8624515533447266,-0.005342115648090839,0.0078125,0.2,0.0001,0.00054856983,0.002680427028099075
20,1739.1739130434783,40960,0.1652173913043478,432,94,94,-0.00013885728549212217,-0.006926146280602552,0.36244088411331177,0.03530435264110565,0.00166015625,0.2,0.0001,7.834367e-05,0.11971925254911184
21,1718.28,43008,0.18400000000000002,443,96,99,-0.001075888064224273,-0.030695246579125524,0.40051913261413574,0.008899391628801823,0.00888671875,0.2,0.0001,0.0014590654,0.03107380410656333
22,1719.3846153846155,45056,0.16923076923076924,455,98,104,-0.00013903625076636673,-0.019925514538772403,0.5399438142776489,0.013486208394169807,0.00087890625,0.2,0.0001,0.0001971116,0.03842832306399942
23,1703.5925925925926,47104,0.2,466,100,109,-0.00035124337882734834,-0.021518071577884258,-0.288895845413208,0.003003824735060334,0.00224609375,0.2,0.0001,0.00029547393,0.0074714908841997385
24,1703.8214285714287,49152,0.18571428571428572,476,103,114,-0.0008560758025851101,-0.03837929805740714,0.20040088891983032,0.02821855992078781,0.00517578125,0.2,0.0001,0.00030969537,0.09069356480613351
25,1705.6333333333334,51200,0.16,486,105,119,-0.0009765572845935822,-0.04116521654650569,-0.5193969011306763,0.040400825440883636,0.00625,0.2,0.0001,0.00037879948,0.1031848706305027
26,1706.8387096774193,53248,0.14838709677419354,496,107,124,-0.0002508649427909404,-0.018576689437031745,-4.5847883224487305,0.0068987286649644375,0.0015625,0.2,0.0001,0.0001883446,0.02215633187443018
27,1707.59375,55296,0.13749999999999998,506,109,129,-0.001171093969605863,-0.03156874338164926,-0.8442176580429077,-0.007398584391921759,0.00693359375,0.2,0.0001,0.0020882648,0.0032907990156672896
28,1707.7878787878788,57344,0.12727272727272726,515,111,134,1.548225409351289e-05,-0.007288269337732345,-6.464920520782471,0.007151387631893158,0.0,0.2,0.0001,2.0003201e-05,0.02437913992907852
29,1709.0294117647059,59392,0.15294117647058822,523,113,139,-0.0022963033290579913,-0.03291026880033314,-0.025804638862609863,0.00673646479845047,0.00673828125,0.2,0.0001,0.0025314412,0.003222819708753377
30,1696.3333333333333,61440,0.16666666666666663,530,115,144,2.4449569173157216e-05,-0.010754177498165518,0.17230939865112305,0.03985808044672012,0.001171875,0.2,0.0001,8.485462e-06,0.11818361263722181
31,1697.1891891891892,63488,0.15675675675675674,538,117,149,-0.00012081515742465854,-0.0321036474313587,0.46511751413345337,0.029908504337072372,0.0060546875,0.2,0.0001,0.0042320807,0.07124396786093712
32,1684.0526315789473,65536,0.1789473684210526,545,120,154,-0.0003312540240585804,-0.017583122197538614,-0.8257057666778564,0.02701679989695549,0.0013671875,0.2,0.0001,0.0008216539,0.12549025304615496
33,1687.1,67584,0.16,454,148,159,-0.0003471266594715416,-0.014089011738542467,0.4626579284667969,0.04571910947561264,0.001171875,0.2,0.0001,0.00014637709,0.09417366497218609
34,1676.0,69632,0.1804878048780488,461,150,164,-0.00045252031413838266,-0.0325948472134769,-1.4218316078186035,-0.00027247448451817036,0.00185546875,0.2,0.0001,0.00017228784,0.01024762800661847
35,1677.3333333333333,71680,0.17142857142857143,468,153,169,-0.0006712732312735171,-0.014384620497003198,0.37345147132873535,0.036120425909757614,0.00390625,0.2,0.0001,0.00041095304,0.10558134131133556
36,1678.3255813953488,73728,0.16279069767441862,475,155,174,-0.0013007393106818199,-0.05574147226288915,0.7162426710128784,-0.0007956842891871929,0.0037109375,0.2,0.0001,0.0005837281,0.018123552412725986
37,1670.7111111111112,75776,0.17333333333333334,482,157,179,-0.0001598025730345398,-0.0100847628666088,-0.5689363479614258,0.015791835263371468,0.00048828125,0.2,0.0001,0.000103986575,0.04167330088093877
38,1651.5744680851064,77824,0.20851063829787236,489,159,184,-0.00035461524967104194,-0.012761011673137545,0.21892070770263672,0.043557778000831604,0.00244140625,0.2,0.0001,0.00035743482,0.10673476494848728
39,1652.5625,79872,0.20000000000000004,495,161,189,0.00011451454483903944,-0.020393002801574765,0.5451217889785767,0.011022773571312428,0.007421875,0.2,0.0001,0.00073244376,0.031779539328999816
40,1654.7142857142858,81920,0.1918367346938776,501,163,194,-0.00026971872430294754,-0.015349189948756248,-0.0318676233291626,0.02360554225742817,0.00068359375,0.2,0.0001,0.00014176159,0.09432514682412148
41,1638.8823529411766,83968,0.22352941176470592,506,165,199,-0.00014947347808629273,-0.02591446237638593,0.2154064178466797,0.006833287421613932,0.00205078125,0.2,0.0001,0.00015571102,0.013970644352957607
42,1641.4423076923076,86016,0.21538461538461545,512,167,204,-0.00038236771943047645,-0.013560900185257196,0.5063206553459167,0.014514915645122528,0.00087890625,0.2,0.0001,0.00022123617,0.06073050885461271
43,1642.3207547169811,88064,0.20754716981132082,519,169,209,-0.0009622255398426205,-0.024372833827510477,0.2571459412574768,0.006510126404464245,0.00517578125,0.2,0.0001,0.0010007982,0.054239027202129364
44,1635.4363636363637,90112,0.21454545454545462,524,171,214,-3.9889168692752716e-05,-0.0218603378161788,0.636121928691864,0.011948647908866405,0.00146484375,0.2,0.0001,0.00018215952,0.031671785796061155
45,1636.1964285714287,92160,0.20714285714285713,529,174,219,-0.00010463438229635358,-0.01530649878550321,0.6396483182907104,0.01015895139425993,0.001953125,0.2,0.0001,0.00017064094,0.03230525678955019
46,1638.1052631578948,94208,0.2,533,176,224,-0.0005034908186644316,-0.01342118311440572,-0.010396003723144531,0.0017932865303009748,0.003515625,0.2,0.0001,0.00036114248,0.005265426239930093
47,1639.4310344827586,96256,0.1931034482758621,539,178,229,-0.0014325438882224263,-0.07015486797317863,0.45421499013900757,-0.003133536083623767,0.01181640625,0.2,0.0001,0.0014818921,0.0029979617975186557
48,1634.2666666666667,98304,0.20000000000000004,544,180,234,-0.0002958337165182456,-0.01197533534723334,-31.564048767089844,0.010620098561048508,0.00244140625,0.2,0.0001,0.0003532357,0.05333199491724372
49,1628.2295081967213,100352,0.2131147540983607,436,229,239,-0.0006091956805903464,-0.022502334020100535,0.43533772230148315,0.0372014120221138,0.00390625,0.2,0.0001,0.00030031602,0.1624484473839402
50,1629.9354838709678,102400,0.20645161290322583,439,232,244,-0.0011735451931599527,-0.019124047819059343,0.4401952028274536,0.019135205075144768,0.0046875,0.2,0.0001,0.00038384282,0.04914785148575902
51,1625.234375,104448,0.21249999999999997,443,235,249,-0.00036874130601063373,-0.013045584294013679,-0.8139320611953735,0.002328641712665558,0.00107421875,0.2,0.0001,0.0001244506,0.017081983329262584
52,1634.076923076923,106496,0.20615384615384613,447,238,254,-0.0010730477515608072,-0.03651060401462018,0.6708208322525024,0.02773476392030716,0.0083984375,0.2,0.0001,0.0016750871,0.06576804490759969
53,1635.6363636363637,108544,0.19999999999999998,447,242,259,-0.00014404535759240388,-0.047865497227758166,-2.9347691535949707,0.014760442078113556,0.0025390625,0.2,0.0001,0.00045435352,0.10222235070541501
54,1637.4776119402984,110592,0.19402985074626866,448,246,264,-0.0018582579621579498,-0.02740197516977787,-0.5101836919784546,-0.002357242861762643,0.005078125,0.2,0.0001,0.0019205904,0.005485150316962973
55,1638.6470588235295,112640,0.20588235294117646,449,250,269,-0.0006289381999522448,-0.011548996751662344,-0.7164686918258667,0.004941081628203392,0.00634765625,0.2,0.0001,0.00109429,0.01916905224788934
56,1640.536231884058,114688,0.2,449,255,274,-0.0003035981324501336,-0.011125965095834545,0.1784663200378418,0.02493426576256752,0.00224609375,0.2,0.0001,0.00020935945,0.10898912008851766
57,1642.8732394366198,116736,0.1887323943661972,448,260,279,-0.00015635514864698052,-0.01511555858887732,-1.102226972579956,0.0007723866729065776,0.00048828125,0.2,0.0001,4.85614e-05,0.008121416711946949
58,1643.75,118784,0.19999999999999998,449,264,284,-0.0020796387747395785,-0.02809331249445677,0.03821265697479248,-0.00023786397650837898,0.00673828125,0.2,0.0001,0.0013329338,0.0028234135854290797
59,1644.849315068493,120832,0.19452054794520546,449,268,289,-0.00035214058589190246,-0.011301072349306196,0.5850934982299805,0.01586676575243473,0.00126953125,0.2,0.0001,0.0001529041,0.06400155792944133
60,1633.08,122880,0.216,450,272,294,-0.00013434600550681352,-0.011909867188660429,-2.9566140174865723,0.021131325513124466,0.0015625,0.2,0.0001,0.00030229456,0.11048380117863417
61,1634.078947368421,124928,0.2263157894736842,451,276,299,-0.0001749014889355749,-0.0067871385253965855,0.5675716400146484,0.0348580926656723,0.00029296875,0.2,0.0001,7.199816e-05,0.1907359354197979
62,1641.2337662337663,126976,0.22077922077922077,451,281,304,-2.115453826263547e-05,-0.0030576762288546887,0.606574296951294,0.0071432944387197495,0.00029296875,0.2,0.0001,2.104108e-05,0.017948414408601822
63,1642.2435897435898,129024,0.2153846153846154,451,285,309,-9.583604987710715e-05,-0.07335306536406279,0.414680540561676,0.0062701827846467495,0.00625,0.2,0.0001,0.0008744381,0.02542372157331556
64,1643.1012658227849,131072,0.22531645569620254,451,290,314,-0.00029337280429899695,-0.020336199086159468,0.5501148700714111,0.009247559122741222,0.001171875,0.2,0.0001,0.00021820952,0.019020039518363775
