train/n_updates,train/loss,rollout/ep_len_mean,time/fps,time/episodes,rollout/ep_rew_mean,time/total_timesteps,rollout/exploration_rate,train/learning_rate,time/time_elapsed
1050,3.628891863627359e-05,1300.75,607,4,-0.2,5203,0.7586499023437512,0.001,8
2374,9.308445442002267e-06,1312.25,910,8,-0.2,10498,0.5130322265624978,0.001,11
3645,1.7640168152865954e-05,1298.6666666666667,1076,12,-0.20000000000000004,15584,0.27710937500000254,0.001,14
5203,6.528621270263102e-06,1363.3125,1200,16,-0.2,21813,0.05,0.001,18
7190,2.4470828066114336e-06,1488.1,1297,20,-0.20000000000000004,29762,0.05,0.001,22
9060,1.5201028872979805e-05,1551.7916666666667,1357,24,-0.20000000000000004,37243,0.05,0.001,27
11267,1.0126668712473474e-05,1645.357142857143,1405,28,-0.20000000000000004,46070,0.05,0.001,32
13207,4.5593883442052174e-06,1682.15625,1027,32,-0.2,53829,0.05,0.001,52
14793,3.437597115407698e-06,1671.5555555555557,1068,36,-0.20000000000000004,60176,0.05,0.001,56
16679,1.8656583051779307e-05,1692.975,1113,40,-0.2,67719,0.05,0.001,60
18387,1.589547173352912e-05,1694.340909090909,1149,44,-0.19999999999999993,74551,0.05,0.001,64
19911,1.5338655430241488e-06,1680.1666666666667,1177,48,-0.19999999999999998,80648,0.05,0.001,68
21758,1.8844695659936406e-05,1692.9807692307693,1208,52,-0.19999999999999993,88035,0.05,0.001,72
23197,3.1020942969917087e-06,1674.8214285714287,1229,56,-0.19999999999999998,93790,0.05,0.001,76
24640,6.109104106144514e-06,1659.3833333333334,1249,60,-0.19999999999999993,99563,0.05,0.001,79
26166,5.082233201392228e-06,1651.03125,1177,64,-0.19999999999999998,105666,0.05,0.001,89
27375,4.770543455379084e-06,1625.0294117647059,1192,68,-0.19999999999999996,110502,0.05,0.001,92
28897,9.591460184310563e-06,1619.3055555555557,1210,72,-0.19999999999999998,116590,0.05,0.001,96
30174,3.2548869057791308e-06,1601.2763157894738,1225,76,-0.19999999999999996,121697,0.05,0.001,99
31567,3.9922058931551874e-05,1590.875,1239,80,-0.19999999999999998,127270,0.05,0.001,102
32703,1.7651227608439513e-05,1569.2380952380952,1250,84,-0.19999999999999996,131816,0.05,0.001,105
34105,3.495929195196368e-05,1561.6136363636363,1261,88,-0.19999999999999998,137422,0.05,0.001,108
35574,1.766870445862878e-05,1557.5978260869565,1274,92,-0.19999999999999996,143299,0.05,0.001,112
36987,3.6890662613586755e-06,1551.5520833333333,1285,96,-0.19999999999999998,148949,0.05,0.001,115
38161,2.5730218112585135e-05,1536.47,1138,100,-0.19999999999999996,153647,0.05,0.001,135
39323,1.2239182979101315e-05,1530.93,1148,104,-0.19999999999999996,158296,0.05,0.001,137
40838,5.92110154684633e-06,1538.56,1162,108,-0.19999999999999996,164354,0.05,0.001,141
42038,1.8072450984618627e-05,1535.71,1172,112,-0.19999999999999996,169155,0.05,0.001,144
43941,6.513080734293908e-06,1549.54,1188,116,-0.19999999999999996,176767,0.05,0.001,148
45639,9.086519639822654e-06,1537.96,1201,120,-0.19999999999999996,183558,0.05,0.001,152
47163,7.037016075628344e-06,1524.13,1212,124,-0.19999999999999996,189656,0.05,0.001,156
48875,3.5843629575538216e-06,1504.34,1224,128,-0.19999999999999996,196504,0.05,0.001,160
50457,5.0406018999638036e-05,1490.0,1234,132,-0.19999999999999996,202829,0.05,0.001,164
52071,6.961913641134743e-06,1491.12,1189,136,-0.19999999999999996,209288,0.05,0.001,175
53528,0.002049654023721814,1473.95,1198,140,-0.19999999999999996,215114,0.05,0.001,179
54580,1.0136831406271085e-05,1447.71,1204,144,-0.19999999999999996,219322,0.05,0.001,182
55844,1.978701948246453e-05,1437.29,1211,148,-0.19999999999999996,224377,0.05,0.001,185
57017,3.648351412266493e-05,1410.36,1217,152,-0.19999999999999996,229071,0.05,0.001,188
58493,2.6567280656308867e-05,1411.83,1225,156,-0.19999999999999996,234973,0.05,0.001,191
60086,7.404160714941099e-05,1417.84,1233,160,-0.19999999999999996,241347,0.05,0.001,195
61858,4.523971438175067e-05,1427.7,1242,164,-0.19999999999999996,248436,0.05,0.001,200
63457,2.679198223631829e-05,1443.28,1249,168,-0.19999999999999996,254830,0.05,0.001,203
64999,0.0016054123407229781,1444.1,1162,172,-0.19999999999999996,261000,0.05,0.001,224
66652,0.00010016706073656678,1459.12,1171,176,-0.19999999999999996,267609,0.05,0.001,228
68329,2.6679204893298447e-05,1470.47,1180,180,-0.19999999999999996,274317,0.05,0.001,232
69932,3.095808642683551e-05,1489.15,1187,184,-0.19999999999999996,280731,0.05,0.001,236
71439,0.0003086369833908975,1493.37,1194,188,-0.19999999999999996,286759,0.05,0.001,239
73264,2.508497709641233e-05,1507.61,1203,192,-0.19999999999999996,294060,0.05,0.001,244
74459,4.729039210360497e-05,1498.91,1208,196,-0.19999999999999996,298840,0.05,0.001,247
75911,0.00011844515393022448,1509.98,1214,200,-0.19999999999999996,304645,0.05,0.001,250
77296,0.00017680680321063846,1518.92,1171,204,-0.19999999999999996,310188,0.05,0.001,264
78391,5.76968232053332e-05,1502.13,1176,208,-0.19999999999999996,314567,0.05,0.001,267
79500,2.849335578503087e-05,1498.49,1181,212,-0.19999999999999996,319004,0.05,0.001,270
80735,2.1536312488024123e-05,1471.76,1186,216,-0.19999999999999996,323943,0.05,0.001,273
82423,5.7648361689643934e-05,1471.37,1192,220,-0.19999999999999996,330695,0.05,0.001,277
83576,2.266297633468639e-05,1456.49,1197,224,-0.19999999999999996,335305,0.05,0.001,280
85106,3.1757328542880714e-05,1449.21,1203,228,-0.19999999999999996,341425,0.05,0.001,283
86984,0.0005002966499887407,1461.1,1210,232,-0.19999999999999996,348939,0.05,0.001,288
88446,8.707837696420029e-05,1454.97,1215,236,-0.19999999999999996,354785,0.05,0.001,291
90034,4.337180143920705e-05,1460.23,1173,240,-0.19999999999999996,361137,0.05,0.001,307
91261,9.282431710744277e-05,1467.25,1177,244,-0.19999999999999996,366047,0.05,0.001,310
92631,2.7193311325390823e-05,1471.51,1182,248,-0.19999999999999996,371528,0.05,0.001,314
94004,5.732470890507102e-05,1479.48,1187,252,-0.19999999999999996,377019,0.05,0.001,317
95649,0.0001447414979338646,1486.26,1193,256,-0.19999999999999996,383599,0.05,0.001,321
97077,7.695495150983334e-05,1479.62,1198,260,-0.19999999999999996,389309,0.05,0.001,324
98279,0.00023337868333328515,1456.82,1202,264,-0.19999999999999996,394118,0.05,0.001,327
99480,0.0001567821018397808,1440.91,1206,268,-0.19999999999999996,398921,0.05,0.001,330
101031,9.77522213361226e-05,1441.27,1210,272,-0.19999999999999996,405127,0.05,0.001,334
102657,0.00010112660675076768,1440.21,1163,276,-0.19999999999999996,411630,0.05,0.001,353
104210,5.083813448436558e-05,1435.26,1168,280,-0.19999999999999996,417843,0.05,0.001,357
106182,0.00011990719212917611,1450.0,1174,284,-0.19999999999999996,425731,0.05,0.001,362
107873,8.618995343567804e-05,1457.35,1179,288,-0.19999999999999996,432494,0.05,0.001,366
109479,0.00010312940867152065,1448.6,1183,292,-0.19999999999999996,438920,0.05,0.001,370
111251,3.706570714712143e-05,1471.67,1189,296,-0.19999999999999996,446007,0.05,0.001,375
112913,6.526883225888014e-05,1480.11,1193,300,-0.19999999999999996,452656,0.05,0.001,379
114572,9.250182483810931e-05,1491.02,1198,304,-0.19999999999999996,459290,0.05,0.001,383
115988,0.00010419449245091528,1503.89,1185,308,-0.19999999999999996,464956,0.05,0.001,392
117246,0.0005089643527753651,1509.83,1189,312,-0.19999999999999996,469987,0.05,0.001,395
118720,6.780551484553143e-05,1519.38,1193,316,-0.19999999999999996,475881,0.05,0.001,398
119993,0.00013863728963769972,1502.8,1197,320,-0.19999999999999996,480975,0.05,0.001,401
121028,0.00022957300825510174,1498.1,1199,324,-0.19999999999999996,485115,0.05,0.001,404
122420,0.00016767121269367635,1492.57,1203,328,-0.19999999999999996,490682,0.05,0.001,407
123760,0.00010538798233028501,1471.05,1206,332,-0.19999999999999996,496044,0.05,0.001,411
124921,0.0003953743143938482,1459.02,1209,336,-0.19999999999999996,500687,0.05,0.001,413
126510,0.00025235151406377554,1459.06,1213,340,-0.19999999999999996,507043,0.05,0.001,417
128072,0.0012190599227324128,1472.45,1174,344,-0.19999999999999996,513292,0.05,0.001,436
129421,0.0015130424872040749,1471.57,1178,348,-0.19999999999999996,518685,0.05,0.001,440
130787,0.0003792999195866287,1471.33,1181,352,-0.19999999999999996,524152,0.05,0.001,443
131674,0.00014611537335440516,1441.01,1183,356,-0.19999999999999996,527700,0.05,0.001,445
132853,0.0002809485304169357,1431.07,1186,360,-0.19999999999999996,532416,0.05,0.001,448
134721,0.00027618202148005366,1457.68,1191,364,-0.19999999999999996,539886,0.05,0.001,453
136555,0.002115806331858039,1483.03,1196,368,-0.19999999999999996,547224,0.05,0.001,457
137983,0.00011197951971553266,1478.08,1199,372,-0.19999999999999996,552935,0.05,0.001,460
139571,0.000266454357188195,1476.58,1203,376,-0.19999999999999996,559288,0.05,0.001,464
141123,0.00028146550175733864,1476.52,1170,380,-0.19999999999999996,565495,0.05,0.001,483
142998,0.00026554366922937334,1472.65,1174,384,-0.19999999999999996,572996,0.05,0.001,487
144311,0.00037766117020510137,1457.53,1177,388,-0.19999999999999996,578247,0.05,0.001,490
146068,0.00022678333334624767,1463.54,1181,392,-0.19999999999999996,585274,0.05,0.001,495
147213,0.000229878889513202,1438.47,1184,396,-0.19999999999999996,589854,0.05,0.001,498
148388,0.0003954694839194417,1419.0,1186,400,-0.19999999999999996,594556,0.05,0.001,500
149620,0.0003360733389854431,1401.93,1189,404,-0.19999999999999996,599483,0.05,0.001,503
151246,0.00012576571316458285,1410.3,1192,408,-0.19999999999999996,605986,0.05,0.001,508
152380,0.00012582815543282777,1405.37,1195,412,-0.19999999999999996,610524,0.05,0.001,510
154170,0.00020194659009575844,1418.0,1177,416,-0.19999999999999996,617681,0.05,0.001,524
155568,0.0004538788925856352,1423.01,1179,420,-0.19999999999999996,623276,0.05,0.001,528
156967,8.985729073174298e-05,1437.55,1182,424,-0.19999999999999996,628870,0.05,0.001,531
158518,0.00020917774236295372,1443.92,1185,428,-0.19999999999999996,635074,0.05,0.001,535
159876,0.005290473811328411,1444.64,1188,432,-0.19999999999999996,640508,0.05,0.001,538
161419,0.00030091393273323774,1459.92,1191,436,-0.19999999999999996,646679,0.05,0.001,542
162789,0.0004102414532098919,1451.16,1194,440,-0.19999999999999996,652159,0.05,0.001,545
164648,0.00022426017676480114,1463.03,1198,444,-0.19999999999999996,659595,0.05,0.001,550
166084,0.00023419791250489652,1466.54,1201,448,-0.19999999999999996,665339,0.05,0.001,553
167797,0.00021715227921959013,1480.38,1184,452,-0.19999999999999996,672190,0.05,0.001,567
169225,0.0002522876893635839,1502.03,1187,456,-0.19999999999999996,677903,0.05,0.001,571
170784,0.000829035066999495,1517.23,1190,460,-0.19999999999999996,684139,0.05,0.001,574
171974,0.00018265751714352518,1490.13,1192,464,-0.19999999999999996,688899,0.05,0.001,577
173434,0.0002740727213677019,1475.13,1195,468,-0.19999999999999996,694737,0.05,0.001,581
174615,0.004918589722365141,1465.29,1197,472,-0.19999999999999996,699464,0.05,0.001,584
176174,0.00045511630014516413,1464.12,1200,476,-0.19999999999999996,705700,0.05,0.001,587
177390,0.00019562948727980256,1450.66,1202,480,-0.19999999999999996,710561,0.05,0.001,590
178894,0.0010594158666208386,1435.84,1205,484,-0.19999999999999996,716580,0.05,0.001,594
180034,0.0003611230931710452,1428.92,1178,488,-0.19999999999999996,721139,0.05,0.001,612
181723,0.0005851148744113743,1426.22,1181,492,-0.19999999999999996,727896,0.05,0.001,616
183040,0.0005660107708536088,1433.07,1183,496,-0.19999999999999996,733161,0.05,0.001,619
184478,0.0009389352053403854,1443.59,1185,500,-0.19999999999999996,738915,0.05,0.001,623
186038,0.000320321909384802,1456.7,1188,504,-0.18799999999999997,745153,0.05,0.001,627
187210,0.0005947047611698508,1438.55,1190,508,-0.18799999999999997,749841,0.05,0.001,630
188868,0.0010242401622235775,1459.52,1192,512,-0.18799999999999997,756476,0.05,0.001,634
190792,0.0005078773247078061,1464.91,1196,516,-0.18799999999999997,764172,0.05,0.001,638
191973,0.0004906009999103844,1456.2,1188,520,-0.18799999999999997,768896,0.05,0.001,647
193166,0.002617086749523878,1447.97,1190,524,-0.18799999999999997,773667,0.05,0.001,650
194569,0.001403209986165166,1442.04,1191,528,-0.18799999999999997,779278,0.05,0.001,653
196084,0.00027045098249800503,1448.31,1193,532,-0.18799999999999997,785339,0.05,0.001,657
197747,0.0005891775363124907,1453.13,1195,536,-0.18799999999999997,791992,0.05,0.001,662
199148,0.0004712003574240953,1454.36,1196,540,-0.18799999999999997,797595,0.05,0.001,666
201302,0.00023060997773427516,1466.16,1199,544,-0.18799999999999997,806211,0.05,0.001,672
202858,0.00029415509197860956,1470.95,1201,548,-0.18799999999999997,812434,0.05,0.001,676
204180,0.000581940112169832,1455.31,1203,552,-0.18799999999999997,817721,0.05,0.001,679
205746,0.0006588195101357996,1460.82,1180,556,-0.18799999999999997,823985,0.05,0.001,697
207205,0.0002965170715469867,1456.85,1182,560,-0.18799999999999997,829824,0.05,0.001,701
208745,0.00020149604824837297,1470.83,1185,564,-0.18799999999999997,835982,0.05,0.001,705
210584,0.0005687981029041111,1486.02,1187,568,-0.18799999999999997,843339,0.05,0.001,709
211940,0.0005306830280460417,1492.99,1189,572,-0.18799999999999997,848763,0.05,0.001,713
213568,0.0497891902923584,1495.73,1192,576,-0.18799999999999997,855273,0.05,0.001,717
215030,0.000628512934781611,1505.6,1194,580,-0.18799999999999997,861121,0.05,0.001,720
216837,0.0006797504029236734,1517.71,1197,584,-0.18799999999999997,868351,0.05,0.001,725
218235,0.0007568624569103122,1528.02,1174,588,-0.18799999999999997,873941,0.05,0.001,743
219755,0.0011464389972388744,1521.28,1177,592,-0.18799999999999997,880024,0.05,0.001,747
221168,0.0014951403718441725,1525.14,1179,596,-0.18799999999999997,885675,0.05,0.001,751
222489,0.036936935037374496,1520.42,1181,600,-0.18799999999999997,890957,0.05,0.001,754
224267,0.0006907468778081238,1529.17,1183,604,-0.18799999999999997,898070,0.05,0.001,758
226074,0.0008835585322231054,1554.59,1186,608,-0.18799999999999997,905300,0.05,0.001,763
227689,0.0006105182110331953,1552.84,1188,612,-0.18799999999999997,911760,0.05,0.001,767
228761,0.0008759747724980116,1518.76,1190,616,-0.18799999999999997,916048,0.05,0.001,769
230087,0.001029344741255045,1524.53,1192,620,-0.18799999999999997,921349,0.05,0.001,772
231789,0.0007094568572938442,1544.92,1178,624,-0.18799999999999997,928159,0.05,0.001,787
233563,0.000870644929818809,1559.75,1181,628,-0.18799999999999997,935253,0.05,0.001,791
235157,0.0009679715149104595,1562.92,1183,632,-0.18799999999999997,941631,0.05,0.001,795
236807,0.0023575816303491592,1562.38,1185,636,-0.18799999999999997,948230,0.05,0.001,799
238467,0.0008524575969204307,1572.75,1188,640,-0.18799999999999997,954870,0.05,0.001,803
240175,0.0015474673127755523,1554.93,1190,644,-0.18799999999999997,961704,0.05,0.001,807
241587,0.0016781578306108713,1549.17,1192,648,-0.18799999999999997,967351,0.05,0.001,811
243230,0.001312879379838705,1562.0,1181,652,-0.18799999999999997,973921,0.05,0.001,824
244757,0.0012384011643007398,1560.45,1183,656,-0.18799999999999997,980030,0.05,0.001,828
245944,0.002041483763605356,1549.56,1185,660,-0.18799999999999997,984780,0.05,0.001,830
247409,0.0008120867423713207,1546.58,1187,664,-0.18799999999999997,990640,0.05,0.001,834
248650,0.0017950284527614713,1522.64,1188,668,-0.18799999999999997,995603,0.05,0.001,837
250197,0.0018289238214492798,1530.26,1190,672,-0.18799999999999997,1001789,0.05,0.001,841
251270,0.004097193479537964,1508.11,1192,676,-0.18799999999999997,1006084,0.05,0.001,843
252320,0.0016470563132315874,1491.6,1193,680,-0.18799999999999997,1010281,0.05,0.001,846
253677,0.0013638127129524946,1473.6,1195,684,-0.18799999999999997,1015711,0.05,0.001,849
255397,0.0005824248073622584,1486.51,1197,688,-0.18799999999999997,1022592,0.05,0.001,853
