rollout/exploration_rate,train/loss,rollout/ep_rew_mean,rollout/ep_len_mean,time/episodes,train/learning_rate,time/total_timesteps,time/time_elapsed,time/fps,train/n_updates
0.05,3.34340293193236e-05,-0.16399999999999995,1506.47,688,0.0001,1031651,62,121,257662
0.05,3.1614148610970005e-05,-0.16399999999999995,1504.6,692,0.0001,1037099,75,173,259024
0.05,5.130686622578651e-05,-0.15199999999999997,1504.65,696,0.0001,1042307,86,210,260326
0.05,1.5024251297290903e-05,-0.15199999999999997,1501.51,700,0.0001,1047515,98,238,261628
0.05,9.059818694368005e-05,-0.13999999999999996,1506.59,704,0.0001,1053129,111,261,263032
0.05,4.641358827939257e-05,-0.13999999999999996,1508.87,708,0.0001,1059601,126,281,264650
0.05,4.9880192818818614e-05,-0.13999999999999996,1531.74,712,0.0001,1066666,142,300,266416
0.05,2.206091994594317e-05,-0.13999999999999996,1539.98,716,0.0001,1072594,155,311,267898
0.05,4.824521602131426e-05,-0.13999999999999996,1549.88,720,0.0001,1078962,196,279,269490
0.05,7.681759598199278e-05,-0.13999999999999996,1536.47,724,0.0001,1083851,207,288,270712
0.05,6.491543899755925e-05,-0.13999999999999996,1518.18,728,0.0001,1089294,219,297,272073
0.05,5.295064329402521e-05,-0.12799999999999997,1514.15,732,0.0001,1094556,231,304,273388
0.05,4.2984349420294166e-05,-0.11599999999999998,1521.67,736,0.0001,1101404,247,313,275100
0.05,1.5219399756460916e-05,-0.11599999999999996,1528.94,740,0.0001,1107032,259,320,276507
0.05,4.760678348247893e-05,-0.11599999999999996,1551.82,744,0.0001,1115669,278,329,278667
0.05,7.488537085009739e-05,-0.11599999999999996,1569.71,748,0.0001,1122455,293,334,280363
0.05,2.08066230698023e-05,-0.11599999999999996,1558.35,752,0.0001,1127493,339,304,281623
0.05,8.340185013366863e-05,-0.11599999999999996,1574.22,756,0.0001,1134971,356,311,283492
0.05,3.2277690479531884e-05,-0.10399999999999997,1574.92,760,0.0001,1140175,368,315,284793
0.05,0.00010311254300177097,-0.10399999999999995,1537.74,764,0.0001,1143824,376,318,285705
0.05,1.7365025996696204e-05,-0.10399999999999995,1516.99,768,0.0001,1148977,387,322,286994
0.05,1.8317930880584754e-05,-0.10399999999999997,1485.5,772,0.0001,1152838,396,324,287959
0.05,3.5496959753800184e-05,-0.12799999999999995,1454.46,776,0.0001,1156625,405,327,288906
0.05,6.706362910335883e-05,-0.12799999999999995,1417.52,780,0.0001,1159546,411,329,289636
0.05,3.0791870813118294e-05,-0.12799999999999995,1393.17,784,0.0001,1163317,420,331,290579
0.05,3.01169329759432e-05,-0.13999999999999996,1353.38,788,0.0001,1166989,427,334,291497
0.05,0.00012000251444987953,-0.13999999999999996,1331.83,792,0.0001,1170282,435,336,292320
0.05,7.845859727240168e-06,-0.15199999999999997,1321.57,796,0.0001,1174464,444,338,293365
0.05,5.228464215178974e-05,-0.15199999999999997,1310.61,800,0.0001,1178576,470,328,294393
0.05,0.00021494859538506716,-0.16399999999999995,1281.9,804,0.0001,1181319,477,329,295079
0.05,2.4951745217549615e-05,-0.16399999999999995,1253.37,808,0.0001,1184938,485,331,295984
0.05,4.64370486952248e-06,-0.16399999999999995,1207.93,812,0.0001,1187459,491,332,296614
0.05,7.698722038185224e-05,-0.16399999999999995,1177.71,816,0.0001,1190365,497,334,297341
0.05,1.3498845873982646e-05,-0.16399999999999995,1150.59,820,0.0001,1194021,506,335,298255
0.05,3.4303273423574865e-05,-0.16399999999999995,1149.29,824,0.0001,1198780,516,338,299444
0.05,1.1065940270782448e-05,-0.16399999999999995,1143.26,828,0.0001,1203620,527,340,300654
0.05,0.00014733166608493775,-0.17599999999999993,1138.78,832,0.0001,1208434,538,342,301858
0.05,1.0515622307138983e-05,-0.18799999999999997,1150.26,836,0.0001,1216430,556,345,303857
0.05,2.6074389097630046e-05,-0.18799999999999997,1149.77,840,0.0001,1222009,568,348,305252
0.05,1.5565861758659594e-05,-0.176,1114.8,844,0.0001,1227149,580,349,306537
0.05,5.654397318721749e-05,-0.17599999999999993,1110.61,848,0.0001,1233516,645,324,308128
0.05,3.5770004615187645e-05,-0.17599999999999993,1112.04,852,0.0001,1238697,657,326,309424
0.05,9.994592801376712e-06,-0.17599999999999993,1071.61,856,0.0001,1242132,665,327,310282
0.05,7.824780186638236e-05,-0.18799999999999997,1058.26,860,0.0001,1246001,673,329,311250
0.05,4.351534880697727e-05,-0.18799999999999997,1069.05,864,0.0001,1250729,684,331,312432
0.05,5.5342236009892076e-05,-0.18799999999999997,1053.66,868,0.0001,1254343,692,332,313335
0.05,0.000153349683387205,-0.18799999999999997,1064.77,872,0.0001,1259315,704,333,314578
0.05,1.7761480194167234e-05,-0.18799999999999997,1064.04,876,0.0001,1263029,713,335,315507
0.05,4.551350502879359e-05,-0.18799999999999997,1077.64,880,0.0001,1267310,722,336,316577
0.05,6.262040551519021e-05,-0.18799999999999997,1066.32,884,0.0001,1269949,728,337,317237
0.05,2.6933139452012256e-05,-0.18799999999999997,1073.14,888,0.0001,1274303,738,339,318325
0.05,3.1055595172801986e-05,-0.18799999999999997,1095.35,892,0.0001,1279817,750,340,319704
0.05,5.249749301583506e-05,-0.176,1112.55,896,0.0001,1285719,809,323,321179
0.05,0.00013795588165521622,-0.17599999999999993,1143.78,900,0.0001,1292954,826,325,322988
0.05,0.0001505187392467633,-0.17599999999999993,1179.88,904,0.0001,1299307,841,327,324576
0.05,4.185477882856503e-05,-0.17599999999999993,1217.92,908,0.0001,1306730,857,329,326432
0.05,5.9321042499504983e-05,-0.17599999999999993,1253.2,912,0.0001,1312779,871,331,327944
0.05,0.00043801881838589907,-0.17599999999999993,1300.05,916,0.0001,1320370,887,333,329842
0.05,9.606931416783482e-05,-0.17599999999999993,1339.28,920,0.0001,1327949,904,336,331737
0.05,7.591856410726905e-05,-0.17599999999999993,1368.62,924,0.0001,1335642,971,320,333660
0.05,3.669544821605086e-05,-0.17599999999999993,1394.44,928,0.0001,1343064,988,322,335515
0.05,7.663487485842779e-05,-0.17599999999999993,1432.58,932,0.0001,1351692,1007,325,337672
0.05,0.00038893037708476186,-0.17599999999999993,1427.61,936,0.0001,1359191,1024,327,339547
0.05,6.311177276074886e-05,-0.17599999999999993,1443.75,940,0.0001,1366384,1040,329,341345
0.05,8.348775008926168e-05,-0.18799999999999997,1476.25,944,0.0001,1374774,1058,331,343443
0.05,3.4847613278543577e-05,-0.18799999999999997,1500.83,948,0.0001,1383599,1132,317,345649
0.05,7.528810965595767e-05,-0.18799999999999997,1529.34,952,0.0001,1391631,1150,319,347657
0.05,4.149978485656902e-05,-0.176,1573.59,956,0.0001,1399491,1168,321,349622
0.05,5.082953066448681e-05,-0.16399999999999995,1604.16,960,0.0001,1406417,1184,322,351354
0.05,2.7927995688514784e-05,-0.16399999999999995,1620.12,964,0.0001,1412741,1198,324,352935
0.05,6.839848356321454e-05,-0.15199999999999997,1646.1,968,0.0001,1418953,1212,325,354488
0.05,4.267162876203656e-05,-0.15199999999999997,1658.11,972,0.0001,1425126,1225,327,356031
0.05,0.0005267179221846163,-0.15199999999999997,1669.8,976,0.0001,1430009,1236,328,357252
0.05,6.50650035822764e-05,-0.15199999999999997,1686.35,980,0.0001,1435945,1279,321,358736
0.05,0.00010072302393382415,-0.15199999999999997,1723.32,984,0.0001,1442281,1293,323,360320
0.05,4.3142124923178926e-05,-0.15199999999999997,1731.17,988,0.0001,1447420,1305,324,361604
0.05,6.93612964823842e-05,-0.15199999999999997,1724.98,992,0.0001,1452315,1316,325,362828
0.05,0.00010204499994870275,-0.16399999999999995,1717.54,996,0.0001,1457473,1328,326,364118
0.05,2.702305391721893e-05,-0.16399999999999995,1703.47,1000,0.0001,1463301,1341,327,365575
0.05,7.570114394184202e-05,-0.16399999999999995,1704.22,1004,0.0001,1469729,1356,328,367182
0.05,6.144249346107244e-05,-0.16399999999999995,1701.61,1008,0.0001,1476891,1372,329,368972
0.05,2.6264271582476795e-05,-0.16399999999999995,1722.68,1012,0.0001,1485047,1436,320,371011
0.05,8.385589171666652e-05,-0.16399999999999995,1725.92,1016,0.0001,1492962,1454,322,372990
0.05,0.0001282265002373606,-0.16399999999999995,1741.91,1020,0.0001,1502140,1475,324,375284
0.05,0.00010544269753154367,-0.16399999999999995,1739.72,1024,0.0001,1509614,1492,325,377153
0.05,0.00012109099770896137,-0.16399999999999995,1752.28,1028,0.0001,1518292,1512,326,379322
0.05,0.00011876526696141809,-0.16399999999999995,1745.4,1032,0.0001,1526232,1530,328,381307
0.05,1.8991471733897924e-05,-0.16399999999999995,1766.45,1036,0.0001,1535836,1552,329,383708
