train/learning_rate,time/total_timesteps,rollout/ep_rew_mean,time/time_elapsed,rollout/ep_len_mean,rollout/exploration_rate,train/n_updates,time/episodes,time/fps,train/loss
0.001,5827,-0.2,15,1456.75,0.7297045898437502,1206,4,388,1.9011500626220368e-05
0.001,11476,-0.2,20,1434.5,0.4676660156250001,2618,8,563,3.091144753852859e-05
0.001,16858,-0.20000000000000004,25,1404.8333333333333,0.21801269531250245,3964,12,668,0.00022991503647062927
0.001,24550,-0.2,32,1534.375,0.05,5887,16,756,1.280488049815176e-05
0.001,30407,-0.20000000000000004,38,1520.35,0.05,7351,20,799,3.0365822567546275e-06
0.001,36305,-0.20000000000000004,43,1512.7083333333333,0.05,8826,24,829,2.851767021638807e-06
0.001,41958,-0.20000000000000004,49,1498.5,0.05,10239,28,854,3.642972296802327e-05
0.001,46291,-0.2,53,1446.59375,0.05,11322,32,870,8.039277417992707e-06
0.001,50741,-0.20000000000000004,57,1409.4722222222222,0.05,12435,36,881,0.00017278676386922598
0.001,54810,-0.2,73,1370.25,0.05,13452,40,748,8.41667497297749e-06
0.001,59291,-0.19999999999999993,77,1347.5227272727273,0.05,14572,44,764,2.0172756194369867e-05
0.001,63270,-0.19999999999999998,81,1318.125,0.05,15567,48,777,9.422714356333017e-06
0.001,67569,-0.19999999999999993,86,1299.4038461538462,0.05,16642,52,785,3.0490185963572003e-05
0.001,72859,-0.19999999999999998,91,1301.0535714285713,0.05,17964,56,796,6.708208275085781e-06
0.001,78111,-0.19999999999999993,99,1301.85,0.05,19277,60,787,2.0367246179375798e-05
0.001,82728,-0.19999999999999998,111,1292.625,0.05,20431,64,739,2.227914592367597e-05
0.001,87281,-0.19999999999999996,120,1283.5441176470588,0.05,21570,68,722,1.1846560482808854e-05
0.001,91336,-0.19999999999999998,125,1268.5555555555557,0.05,22583,72,729,0.00028845775523222983
0.001,97521,-0.19999999999999996,131,1283.171052631579,0.05,24130,76,740,9.346617844130378e-06
0.001,102489,-0.19999999999999998,167,1281.1125,0.05,25372,80,610,1.1721560440491885e-05
0.001,108632,-0.19999999999999996,181,1293.2380952380952,0.05,26907,84,599,3.3533717214595526e-05
0.001,113492,-0.19999999999999998,192,1289.6818181818182,0.05,28122,88,589,1.2016909749945626e-05
0.001,116975,-0.19999999999999996,201,1271.4673913043478,0.05,28993,92,579,9.110905375564471e-05
0.001,121173,-0.19999999999999998,211,1262.21875,0.05,30043,96,572,2.9253915272420272e-05
0.001,126054,-0.19999999999999996,222,1260.54,0.05,31263,100,566,1.9592574972193688e-05
0.001,131226,-0.19999999999999996,232,1253.99,0.05,32556,104,564,2.7012636564904824e-05
0.001,135590,-0.19999999999999996,243,1241.14,0.05,33647,108,556,2.4675624445080757e-05
0.001,140543,-0.19999999999999996,258,1236.85,0.05,34885,112,543,5.921409865550231e-06
0.001,144910,-0.19999999999999996,271,1203.6,0.05,35977,116,534,1.763908949214965e-05
0.001,149808,-0.19999999999999996,286,1194.01,0.05,37201,120,523,2.4786661015241407e-05
0.001,153945,-0.19999999999999996,360,1176.4,0.05,38236,124,426,1.0635213584464509e-05
0.001,158577,-0.19999999999999996,374,1166.19,0.05,39394,128,423,3.725361966644414e-05
0.001,163662,-0.19999999999999996,389,1173.71,0.05,40665,132,420,2.55297236435581e-05
0.001,168877,-0.19999999999999996,404,1181.36,0.05,41969,136,417,2.4209053663071245e-05
0.001,174148,-0.19999999999999996,416,1193.38,0.05,43286,140,418,4.246261596563272e-05
0.001,179450,-0.19999999999999996,429,1201.59,0.05,44612,144,417,7.099679351085797e-05
0.001,187930,-0.19999999999999996,450,1246.6,0.05,46732,148,417,0.00021680294594261795
0.001,194016,-0.19999999999999996,463,1264.47,0.05,48253,152,418,8.225200144806877e-05
0.001,199188,-0.19999999999999996,471,1263.29,0.05,49546,156,422,3.8338428566930816e-05
0.001,206132,-0.19999999999999996,488,1280.21,0.05,51282,160,422,2.1040119463577867e-05
0.001,211580,-0.19999999999999996,493,1288.52,0.05,52644,164,428,1.6334526662831195e-05
0.001,217828,-0.19999999999999996,499,1305.47,0.05,54206,168,435,4.9455709813628346e-05
0.001,224943,-0.19999999999999996,506,1336.07,0.05,55985,172,443,0.0001431757991667837
0.001,229637,-0.19999999999999996,511,1321.16,0.05,57159,176,448,7.990193989826366e-05
0.001,235752,-0.19999999999999996,518,1332.63,0.05,58687,180,454,0.00011347687541274354
0.001,240629,-0.19999999999999996,522,1319.97,0.05,59907,184,460,4.460060517885722e-05
0.001,247563,-0.19999999999999996,529,1340.71,0.05,61640,188,467,8.351542783202603e-05
0.001,253441,-0.19999999999999996,535,1364.66,0.05,63110,192,473,0.00023355618759524077
0.001,260054,-0.19999999999999996,558,1388.81,0.05,64763,196,465,9.566359949531034e-05
0.001,266290,-0.19999999999999996,565,1402.36,0.05,66322,200,471,0.0003300656971987337
0.001,272260,-0.19999999999999996,571,1410.34,0.05,67814,204,476,0.0003085424832534045
0.001,277824,-0.19999999999999996,576,1422.34,0.05,69205,208,481,0.00032550786272622645
0.001,282660,-0.19999999999999996,581,1421.17,0.05,70414,212,486,8.978976256912574e-05
0.001,288636,-0.19999999999999996,589,1437.26,0.05,71908,216,489,8.940149564296007e-05
0.001,294965,-0.19999999999999996,601,1451.57,0.05,73491,220,490,4.437848838279024e-05
0.001,300188,-0.19999999999999996,606,1462.43,0.05,74796,224,494,0.00014762206410523504
0.001,305349,-0.19999999999999996,612,1467.72,0.05,76087,228,498,6.166841194499284e-05
0.001,310772,-0.19999999999999996,626,1471.1,0.05,77442,232,495,8.832340245135128e-05
0.001,317839,-0.19999999999999996,633,1489.62,0.05,79209,236,501,4.370777605799958e-05
0.001,323541,-0.19999999999999996,638,1493.93,0.05,80635,240,506,8.78274513524957e-05
0.001,329595,-0.19999999999999996,645,1501.45,0.05,82148,244,510,5.8279852964915335e-05
0.001,337679,-0.19999999999999996,652,1497.49,0.05,84169,248,517,0.000213339677429758
0.001,343278,-0.19999999999999996,658,1492.62,0.05,85569,252,521,0.00014040610403753817
0.001,348960,-0.19999999999999996,663,1497.72,0.05,86989,256,526,0.0010779299773275852
0.001,355169,-0.19999999999999996,669,1490.37,0.05,88542,260,530,8.105923188850284e-05
0.001,362017,-0.19999999999999996,691,1504.37,0.05,90254,264,523,6.789741746615618e-05
0.001,367387,-0.19999999999999996,696,1495.59,0.05,91596,268,527,0.0001979010266950354
0.001,374004,-0.19999999999999996,702,1490.61,0.05,93250,272,532,0.00021992294932715595
0.001,380144,-0.19999999999999996,708,1505.07,0.05,94785,276,536,0.000462163909105584
0.001,384715,-0.19999999999999996,712,1489.63,0.05,95928,280,539,0.0004980831290595233
0.001,389732,-0.19999999999999996,717,1491.03,0.05,97182,284,543,0.0006911769742146134
0.001,396579,-0.19999999999999996,724,1490.16,0.05,98894,288,547,0.0001912729348987341
0.001,403626,-0.19999999999999996,731,1501.85,0.05,100656,292,551,0.00041222883737646043
0.001,409530,-0.19999999999999996,736,1494.76,0.05,102132,296,555,0.00010510929860174656
0.001,415000,-0.19999999999999996,755,1487.1,0.05,103499,300,549,0.00045240149484016
0.001,421708,-0.19999999999999996,762,1494.48,0.05,105176,304,553,0.0002450019237585366
0.001,427043,-0.19999999999999996,767,1492.19,0.05,106510,308,556,8.386402623727918e-05
0.001,431885,-0.19999999999999996,772,1492.25,0.05,107721,312,559,0.0002322005748283118
0.001,437367,-0.19999999999999996,777,1487.31,0.05,109091,316,562,0.03417251631617546
0.001,442819,-0.19999999999999996,782,1478.54,0.05,110454,320,565,0.00046642677625641227
0.001,448063,-0.19999999999999996,787,1478.75,0.05,111765,324,569,0.0004107281565666199
0.001,453168,-0.19999999999999996,792,1478.19,0.05,113041,328,571,0.00026021074154414237
0.001,459319,-0.19999999999999996,798,1485.47,0.05,114579,332,575,0.00018601369811221957
0.001,465989,-0.19999999999999996,813,1481.5,0.05,116247,336,572,0.0002562586741987616
0.001,471218,-0.19999999999999996,818,1476.77,0.05,117554,340,575,0.0006158119067549706
0.001,476443,-0.19999999999999996,823,1468.48,0.05,118860,344,578,0.0004635622608475387
0.001,482291,-0.19999999999999996,829,1446.12,0.05,120322,348,581,0.00021045978064648807
0.001,488599,-0.19999999999999996,835,1453.21,0.05,121899,352,584,0.0006317224469967186
0.001,493196,-0.19999999999999996,839,1442.36,0.05,123048,356,587,0.00038962808321230114
0.001,498902,-0.19999999999999996,845,1437.33,0.05,124475,360,590,0.0007104650139808655
0.001,501973,-0.19999999999999996,849,1399.56,0.05,125243,364,591,0.0003809816553257406
0.001,507161,-0.19999999999999996,862,1397.74,0.05,126540,368,587,0.0021517493296414614
0.001,512701,-0.19999999999999996,934,1386.97,0.05,127925,372,548,0.00016440649051219225
0.001,516775,-0.19999999999999996,945,1366.31,0.05,128943,376,546,0.0005792676820419729
0.001,522891,-0.19999999999999996,961,1381.76,0.05,130472,380,543,0.0002075315424008295
0.001,527331,-0.19999999999999996,973,1375.99,0.05,131582,384,541,0.0012362797278910875
0.001,531325,-0.19999999999999996,983,1347.46,0.05,132581,388,540,0.0006237166235223413
0.001,536720,-0.19999999999999996,997,1330.94,0.05,133929,392,537,0.0005587346386164427
0.001,542368,-0.19999999999999996,1013,1328.38,0.05,135341,396,535,0.0010124165564775467
0.001,547751,-0.19999999999999996,1027,1327.51,0.05,136687,400,533,0.0009021330042742193
0.001,552261,-0.19999999999999996,1039,1305.53,0.05,137815,404,531,0.0011356384493410587
0.001,558545,-0.19999999999999996,1056,1315.02,0.05,139386,408,528,0.0012037984561175108
0.001,564315,-0.19999999999999996,1097,1324.3,0.05,140828,412,513,0.0012188692344352603
0.001,570362,-0.19999999999999996,1113,1329.95,0.05,142340,416,512,0.00027022225549444556
0.001,574213,-0.19999999999999996,1124,1313.94,0.05,143303,420,510,0.00030301293008960783
0.001,579575,-0.19999999999999996,1139,1315.12,0.05,144643,424,508,0.0002862054097931832
0.001,584109,-0.19999999999999996,1151,1309.41,0.05,145777,428,507,0.0005193543620407581
0.001,589255,-0.19999999999999996,1164,1299.36,0.05,147063,432,505,0.0008437935612164438
0.001,594723,-0.19999999999999996,1179,1287.34,0.05,148430,436,504,0.0007749414653517306
0.001,599319,-0.19999999999999996,1191,1281.01,0.05,149579,440,502,0.0015278354985639453
0.001,605133,-0.19999999999999996,1207,1286.9,0.05,151033,444,500,0.000843294954393059
0.001,609608,-0.19999999999999996,1220,1273.17,0.05,152151,448,499,0.002584726084023714
0.001,614136,-0.19999999999999996,1231,1255.37,0.05,153283,452,498,0.0014903451083227992
0.001,617805,-0.19999999999999996,1275,1246.09,0.05,154201,456,484,0.0009368929895572364
0.001,621873,-0.19999999999999996,1286,1229.71,0.05,155218,460,483,0.00042921610292978585
0.001,626620,-0.19999999999999996,1298,1246.47,0.05,156404,464,482,0.0009520553867332637
0.001,630772,-0.19999999999999996,1310,1236.11,0.05,157442,468,481,0.02984323538839817
0.001,636196,-0.18799999999999997,1324,1234.95,0.05,158798,472,480,0.0006623548688367009
0.001,642758,-0.18799999999999997,1342,1259.83,0.05,160439,476,478,0.001437556347809732
0.001,647342,-0.18799999999999997,1354,1244.51,0.05,161585,480,477,0.0003426856710575521
0.001,651028,-0.18799999999999997,1363,1236.97,0.05,162506,484,477,0.0006816980894654989
0.001,656023,-0.18799999999999997,1378,1246.98,0.05,163755,488,475,0.0005414204206317663
0.001,660667,-0.18799999999999997,1390,1239.47,0.05,164916,492,475,0.0012843969743698835
0.001,664222,-0.18799999999999997,1400,1218.54,0.05,165805,496,474,0.0007692794315516949
0.001,668692,-0.18799999999999997,1438,1209.41,0.05,166922,500,464,0.0011743668001145124
0.001,673473,-0.18799999999999997,1449,1212.12,0.05,168118,504,464,0.001687300275079906
0.001,678018,-0.18799999999999997,1462,1194.73,0.05,169254,508,463,0.00017300699255429208
0.001,682504,-0.18799999999999997,1474,1181.89,0.05,170375,512,462,0.000935204210691154
0.001,687436,-0.18799999999999997,1487,1170.74,0.05,171608,516,462,0.001203866209834814
0.001,692617,-0.18799999999999997,1502,1184.04,0.05,172904,520,461,0.0008643428445793688
0.001,696688,-0.18799999999999997,1512,1171.13,0.05,173921,524,460,0.001465879031457007
0.001,701699,-0.18799999999999997,1526,1175.9,0.05,175174,528,459,0.0005013678455725312
0.001,707654,-0.18799999999999997,1542,1183.99,0.05,176663,532,458,0.0010311901569366455
0.001,713653,-0.176,1558,1189.3,0.05,178163,536,457,0.0007279872079379857
0.001,718580,-0.17599999999999993,1601,1192.61,0.05,179394,540,448,0.0009444813476875424
0.001,725471,-0.17599999999999993,1619,1203.38,0.05,181117,544,447,0.000865680689457804
0.001,731203,-0.17599999999999993,1635,1215.95,0.05,182550,548,447,0.0005873461486771703
0.001,735445,-0.17599999999999993,1647,1213.09,0.05,183611,552,446,0.0017464596312493086
0.001,741417,-0.17599999999999993,1663,1236.12,0.05,185104,556,445,0.0005880771204829216
0.001,746844,-0.17599999999999993,1677,1249.71,0.05,186460,560,445,0.0008880121167749166
0.001,752635,-0.17599999999999993,1693,1260.15,0.05,187908,564,444,0.0007138589862734079
0.001,758169,-0.17599999999999993,1708,1273.97,0.05,189292,568,443,0.0007312197121791542
0.001,765991,-0.18799999999999997,1729,1297.95,0.05,191247,572,442,0.0010312139056622982
0.001,772604,-0.18799999999999997,1780,1298.46,0.05,192900,576,433,0.0004892003489658237
0.001,776888,-0.18799999999999997,1792,1295.46,0.05,193971,580,433,0.0005740913329645991
0.001,782741,-0.18799999999999997,1808,1317.13,0.05,195435,584,432,0.0005994129460304976
0.001,788258,-0.18799999999999997,1822,1322.35,0.05,196814,588,432,0.0011293673887848854
0.001,793130,-0.18799999999999997,1835,1324.63,0.05,198032,592,432,0.0004053463926538825
0.001,797309,-0.18799999999999997,1846,1330.87,0.05,199077,596,431,0.0012058863649144769
0.001,803240,-0.18799999999999997,1862,1345.48,0.05,200559,600,431,0.0009862567530944943
0.001,808920,-0.18799999999999997,1874,1354.47,0.05,201979,604,431,0.0009819406550377607
0.001,815916,-0.18799999999999997,1880,1378.98,0.05,203728,608,433,0.0013112277956679463
0.001,822591,-0.18799999999999997,1902,1400.87,0.05,205397,612,432,0.0008119986159726977
0.001,828672,-0.18799999999999997,1908,1412.36,0.05,206917,616,434,0.0011152731021866202
0.001,833911,-0.18799999999999997,1913,1412.94,0.05,208227,620,435,0.0008601149311289191
0.001,838686,-0.18799999999999997,1918,1419.98,0.05,209421,624,437,0.0013273273361846805
0.001,844503,-0.18799999999999997,1923,1428.04,0.05,210875,628,438,0.0007542076054960489
0.001,849770,-0.18799999999999997,1929,1421.16,0.05,212192,632,440,0.00041202857391908765
0.001,857531,-0.19999999999999996,1936,1438.78,0.05,214132,636,442,0.00108237040694803
0.001,860983,-0.19999999999999996,1939,1424.03,0.05,214995,640,443,0.0005033277557231486
0.001,868701,-0.19999999999999996,1947,1432.3,0.05,216925,644,446,0.0007422693306580186
0.001,875076,-0.19999999999999996,1978,1438.73,0.05,218518,648,442,0.000473286141641438
0.001,880520,-0.19999999999999996,1984,1450.75,0.05,219879,652,443,0.0021053163800388575
0.001,887658,-0.19999999999999996,1991,1462.41,0.05,221664,656,445,0.003506846260279417
0.001,892915,-0.19999999999999996,1996,1460.71,0.05,222978,660,447,0.0013467585667967796
0.001,898517,-0.19999999999999996,2001,1458.82,0.05,224379,664,448,0.0014055526116862893
0.001,905422,-0.19999999999999996,2008,1472.53,0.05,226105,668,450,0.0006278093787841499
0.001,911067,-0.19999999999999996,2013,1450.76,0.05,227516,672,452,0.0008778036572039127
0.001,916850,-0.19999999999999996,2019,1442.46,0.05,228962,676,454,0.0013379008742049336
0.001,921659,-0.19999999999999996,2049,1447.71,0.05,230164,680,449,0.001966760726645589
0.001,927352,-0.19999999999999996,2054,1446.11,0.05,231587,684,451,0.0007800166495144367
0.001,935372,-0.19999999999999996,2062,1471.14,0.05,233592,688,453,0.0029139495454728603
0.001,940828,-0.19999999999999996,2067,1476.98,0.05,234956,692,455,0.0018786315340548754
0.001,946735,-0.19999999999999996,2073,1494.26,0.05,236433,696,456,0.002741469070315361
0.001,953516,-0.19999999999999996,2079,1502.76,0.05,238128,700,458,0.0020199434366077185
0.001,958283,-0.19999999999999996,2084,1493.63,0.05,239320,704,459,0.4069362282752991
0.001,963465,-0.19999999999999996,2089,1475.49,0.05,240616,708,461,0.009349577128887177
0.001,969246,-0.19999999999999996,2095,1466.55,0.05,242061,712,462,0.00031533456058241427
0.001,974821,-0.19999999999999996,2123,1461.49,0.05,243455,716,458,0.0014183414168655872
0.001,980798,-0.19999999999999996,2139,1468.87,0.05,244949,720,458,0.0014704111963510513
0.001,986663,-0.19999999999999996,2155,1479.77,0.05,246415,724,457,0.002558070933446288
0.001,990774,-0.19999999999999996,2166,1462.71,0.05,247443,728,457,0.007164952345192432
0.001,998958,-0.19999999999999996,2189,1491.88,0.05,249489,732,456,0.002953136572614312
0.001,1003879,-0.19999999999999996,2202,1463.48,0.05,250719,736,455,0.012585125863552094
0.001,1010443,-0.19999999999999996,2220,1494.6,0.05,252360,740,455,0.001357735600322485
0.001,1016593,-0.19999999999999996,2236,1478.92,0.05,253898,744,454,0.0010405888315290213
0.001,1023337,-0.19999999999999996,2255,1482.61,0.05,255584,748,453,0.0009067943901754916
