rollout/ep_rew_mean,time/episodes,rollout/ep_len_mean,rollout/exploration_rate,time/fps,train/learning_rate,time/total_timesteps,time/time_elapsed,train/n_updates,train/loss
-0.2,4,1456.75,0.7297045898437501,417,0.001,5827,13,1206,1.9011500626220368e-05
-0.2,8,1434.5,0.4676660156250001,618,0.001,11476,18,2618,3.091144753852859e-05
-0.20000000000000004,12,1404.8333333333333,0.21801269531250045,730,0.001,16858,23,3964,0.00022991503647062927
-0.2,16,1534.375,0.05,814,0.001,24550,30,5887,1.280488049815176e-05
-0.20000000000000004,20,1520.35,0.05,863,0.001,30407,35,7351,3.0365822567546275e-06
-0.20000000000000004,24,1512.7083333333333,0.05,900,0.001,36305,40,8826,2.851767021638807e-06
-0.20000000000000004,28,1498.5,0.05,927,0.001,41958,45,10239,3.642972296802327e-05
-0.2,32,1446.59375,0.05,946,0.001,46291,48,11322,8.039277417992707e-06
-0.20000000000000004,36,1409.4722222222222,0.05,962,0.001,50741,52,12435,0.00017278676386922598
-0.2,40,1370.25,0.05,819,0.001,54810,66,13452,8.41667497297749e-06
-0.19999999999999993,44,1347.5227272727273,0.05,838,0.001,59291,70,14572,2.0172756194369867e-05
-0.19999999999999998,48,1318.125,0.05,851,0.001,63270,74,15567,9.422714356333017e-06
-0.19999999999999993,52,1299.4038461538462,0.05,866,0.001,67569,78,16642,3.0490185963572003e-05
-0.19999999999999998,56,1301.0535714285713,0.05,883,0.001,72859,82,17964,6.708208275085781e-06
-0.19999999999999993,60,1301.85,0.05,898,0.001,78111,86,19277,2.0367246179375798e-05
-0.19999999999999998,64,1292.625,0.05,910,0.001,82728,90,20431,2.227914592367597e-05
-0.19999999999999996,68,1283.5441176470588,0.05,920,0.001,87281,94,21570,1.1846560482808854e-05
-0.19999999999999998,72,1268.5555555555557,0.05,929,0.001,91336,98,22583,0.00028845775523222983
-0.19999999999999996,76,1283.171052631579,0.05,941,0.001,97521,103,24130,9.346617844130378e-06
-0.19999999999999998,80,1281.1125,0.05,835,0.001,102489,122,25372,1.1721560440491885e-05
-0.19999999999999996,84,1293.2380952380952,0.05,849,0.001,108632,127,26907,3.3533717214595526e-05
-0.19999999999999998,88,1289.6818181818182,0.05,858,0.001,113492,132,28122,1.2016909749945626e-05
-0.19999999999999996,92,1271.4673913043478,0.05,864,0.001,116975,135,28993,9.110905375564471e-05
-0.19999999999999998,96,1262.21875,0.05,872,0.001,121173,138,30043,2.9253915272420272e-05
-0.19999999999999996,100,1260.54,0.05,880,0.001,126054,143,31263,1.9592574972193688e-05
-0.19999999999999996,104,1253.99,0.05,889,0.001,131226,147,32556,2.7012636564904824e-05
-0.19999999999999996,108,1241.14,0.05,894,0.001,135590,151,33647,2.4675624445080757e-05
-0.19999999999999996,112,1236.85,0.05,902,0.001,140543,155,34885,5.921409865550231e-06
-0.19999999999999996,116,1203.6,0.05,908,0.001,144910,159,35977,1.763908949214965e-05
-0.19999999999999996,120,1194.01,0.05,914,0.001,149808,163,37201,2.4786661015241407e-05
-0.19999999999999996,124,1176.4,0.05,830,0.001,153945,185,38236,1.0635213584464509e-05
-0.19999999999999996,128,1166.19,0.05,837,0.001,158577,189,39394,3.725361966644414e-05
-0.19999999999999996,132,1173.71,0.05,842,0.001,163662,194,40665,2.55297236435581e-05
-0.19999999999999996,136,1181.36,0.05,850,0.001,168877,198,41969,2.4209053663071245e-05
-0.19999999999999996,140,1193.38,0.05,857,0.001,174148,203,43286,4.246261596563272e-05
-0.19999999999999996,144,1201.59,0.05,863,0.001,179450,207,44612,7.099679351085797e-05
-0.19999999999999996,148,1246.6,0.05,873,0.001,187930,215,46732,0.00021680294594261795
-0.19999999999999996,152,1264.47,0.05,880,0.001,194016,220,48253,8.225200144806877e-05
-0.19999999999999996,156,1263.29,0.05,885,0.001,199188,225,49546,3.8338428566930816e-05
