rollout/ep_rew_mean,time/total_timesteps,train/loss,train/learning_rate,time/fps,rollout/ep_len_mean,train/n_updates,rollout/exploration_rate,time/time_elapsed,time/episodes
-0.17599999999999993,1031041,7.952961459523067e-05,0.001,207,1500.37,257510,0.05,33,688
-0.17599999999999993,1038047,4.949694994138554e-05,0.001,307,1514.08,259261,0.05,45,692
-0.16399999999999995,1043174,5.2433631935855374e-05,0.001,356,1513.32,260543,0.05,53,696
-0.16399999999999995,1048266,6.457480776589364e-05,0.001,391,1509.02,261816,0.05,61,700
-0.16399999999999995,1051994,7.64153155614622e-05,0.001,413,1495.24,262748,0.05,67,704
-0.16399999999999995,1057122,3.650333746918477e-05,0.001,434,1484.08,264030,0.05,76,708
-0.16399999999999995,1062544,2.3224292817758396e-05,0.001,446,1490.52,265385,0.05,86,712
-0.16399999999999995,1068553,3.3238356991205364e-05,0.001,456,1499.57,266888,0.05,97,716
-0.16399999999999995,1074939,2.1066429326310754e-05,0.001,467,1509.65,268484,0.05,108,720
-0.16399999999999995,1080591,2.5745212042238563e-05,0.001,318,1503.87,269897,0.05,177,724
-0.16399999999999995,1085320,3.720396853168495e-05,0.001,325,1478.44,271079,0.05,188,728
-0.16399999999999995,1090132,3.049131737498101e-05,0.001,332,1469.91,272282,0.05,198,732
-0.16399999999999995,1094788,2.109468368871603e-05,0.001,337,1455.51,273446,0.05,209,736
-0.16399999999999995,1101192,0.00012021329894196242,0.001,344,1470.54,275047,0.05,223,740
-0.16399999999999995,1106214,3.472150274319574e-05,0.001,350,1457.27,276303,0.05,234,744
-0.16399999999999995,1112348,0.0001606784062460065,0.001,354,1468.64,277836,0.05,248,748
-0.16399999999999995,1119469,1.6807232896098867e-05,0.001,359,1478.11,279617,0.05,265,752
-0.16399999999999995,1127123,6.358426617225632e-05,0.001,299,1495.74,281530,0.05,344,756
-0.16399999999999995,1132532,3.5237120755482465e-05,0.001,304,1498.49,282882,0.05,356,760
-0.16399999999999995,1138929,1.2168033208581619e-05,0.001,309,1488.79,284482,0.05,370,764
-0.16399999999999995,1144878,7.047491089906543e-05,0.001,314,1476.0,285969,0.05,384,768
-0.16399999999999995,1151093,3.0518298444803804e-05,0.001,318,1468.05,287523,0.05,399,772
-0.18799999999999997,1158101,2.213349216617644e-05,0.001,322,1469.22,289275,0.05,415,776
-0.18799999999999997,1163967,2.609351031424012e-05,0.001,325,1461.73,290741,0.05,430,780
-0.176,1169948,2.8944548830622807e-05,0.001,328,1459.48,292236,0.05,444,784
-0.17599999999999993,1177018,7.290713983820751e-05,0.001,332,1459.77,294004,0.05,460,788
-0.17599999999999993,1184949,3.9561120502185076e-05,0.001,309,1469.02,295987,0.05,520,792
-0.18799999999999997,1191528,1.270494976779446e-05,0.001,313,1483.54,297631,0.05,534,796
-0.18799999999999997,1196709,4.013442958239466e-05,0.001,316,1484.43,298927,0.05,546,800
-0.18799999999999997,1201444,5.0920440116897225e-05,0.001,319,1494.5,300110,0.05,556,804
-0.18799999999999997,1207869,3.288868538220413e-05,0.001,321,1507.47,301717,0.05,571,808
-0.18799999999999997,1213521,3.792178176809102e-05,0.001,324,1509.77,303130,0.05,583,812
-0.18799999999999997,1219534,1.6989293726510368e-05,0.001,327,1509.81,304633,0.05,597,816
-0.18799999999999997,1225101,1.9193979824194685e-05,0.001,329,1501.62,306025,0.05,609,820
-0.18799999999999997,1231460,1.95393331523519e-05,0.001,320,1508.69,307614,0.05,648,824
-0.18799999999999997,1237572,5.45733273611404e-05,0.001,322,1522.52,309142,0.05,661,828
-0.18799999999999997,1243646,2.096068419632502e-05,0.001,325,1535.14,310661,0.05,675,832
-0.18799999999999997,1249528,1.637742025195621e-05,0.001,327,1547.4,312131,0.05,688,836
-0.18799999999999997,1255569,6.47936321911402e-05,0.001,330,1543.77,313642,0.05,701,840
-0.18799999999999997,1262061,1.6356882042600773e-05,0.001,332,1558.47,315265,0.05,716,844
-0.18799999999999997,1268269,4.965363405062817e-05,0.001,334,1559.21,316817,0.05,729,848
-0.18799999999999997,1275774,1.136560968006961e-05,0.001,337,1563.05,318693,0.05,746,852
-0.18799999999999997,1282467,8.685202374181245e-06,0.001,322,1553.44,320366,0.05,800,856
-0.18799999999999997,1289558,1.8213708244729787e-05,0.001,324,1570.26,322139,0.05,818,860
-0.18799999999999997,1296034,1.8655746316653676e-05,0.001,326,1571.05,323758,0.05,832,864
-0.18799999999999997,1303153,3.370486956555396e-05,0.001,328,1582.75,325538,0.05,848,868
-0.18799999999999997,1309629,1.50504638440907e-05,0.001,330,1585.36,327157,0.05,863,872
-0.18799999999999997,1315299,1.9503897419781424e-05,0.001,332,1571.98,328574,0.05,876,876
-0.18799999999999997,1321843,1.624594187887851e-05,0.001,334,1578.76,330210,0.05,890,880
-0.19999999999999996,1326652,1.4982503671490122e-05,0.001,335,1567.04,331412,0.05,901,884
-0.19999999999999996,1334903,5.455810605781153e-05,0.001,323,1578.85,333475,0.05,961,888
-0.18799999999999997,1340462,7.92039354564622e-05,0.001,324,1555.13,334865,0.05,974,892
-0.18799999999999997,1347545,2.0642088202293962e-05,0.001,326,1560.17,336636,0.05,990,896
-0.18799999999999997,1354187,8.786832768237218e-05,0.001,328,1574.78,338296,0.05,1005,900
-0.18799999999999997,1360084,3.5427896364126354e-05,0.001,329,1586.4,339770,0.05,1018,904
-0.18799999999999997,1366527,0.00010245325393043458,0.001,331,1586.58,341381,0.05,1033,908
-0.18799999999999997,1372460,2.0944215066265315e-05,0.001,333,1589.39,342864,0.05,1046,912
-0.18799999999999997,1378040,1.2236232578288764e-05,0.001,334,1585.06,344259,0.05,1059,916
-0.18799999999999997,1383960,2.8157293854746968e-05,0.001,322,1588.59,345739,0.05,1114,920
-0.18799999999999997,1390402,2.213635525549762e-05,0.001,324,1589.42,347350,0.05,1128,924
-0.18799999999999997,1396870,9.284253792429809e-06,0.001,325,1592.98,348967,0.05,1144,928
-0.18799999999999997,1402481,1.9934030206059106e-05,0.001,326,1588.35,350370,0.05,1158,932
-0.18799999999999997,1407481,1.8250071661896072e-05,0.001,327,1579.53,351620,0.05,1169,936
-0.18799999999999997,1412330,1.8609980543260463e-05,0.001,328,1567.61,352832,0.05,1180,940
-0.18799999999999997,1416946,2.0377810869831592e-05,0.001,330,1548.85,353986,0.05,1190,944
-0.18799999999999997,1421237,1.8084178009303287e-05,0.001,330,1529.68,355059,0.05,1200,948
-0.18799999999999997,1425152,5.570259236264974e-05,0.001,331,1493.78,356037,0.05,1209,952
-0.18799999999999997,1430908,2.837596730387304e-05,0.001,332,1484.41,357476,0.05,1222,956
-0.18799999999999997,1436189,2.2381982489605434e-05,0.001,325,1466.31,358797,0.05,1265,960
-0.18799999999999997,1439920,3.606416066759266e-05,0.001,326,1438.86,359729,0.05,1274,964
-0.18799999999999997,1444505,3.054628905374557e-05,0.001,327,1413.52,360876,0.05,1284,968
-0.18799999999999997,1449073,8.194402471417561e-05,0.001,328,1394.44,362018,0.05,1294,972
-0.18799999999999997,1452899,3.434654718148522e-05,0.001,329,1376.0,362974,0.05,1303,976
-0.18799999999999997,1456743,3.532728806021623e-05,0.001,329,1349.0,363935,0.05,1311,980
-0.18799999999999997,1460002,3.199162529199384e-05,0.001,330,1333.5,364750,0.05,1319,984
-0.18799999999999997,1462901,5.744764348492026e-05,0.001,330,1279.98,365475,0.05,1326,988
-0.19999999999999996,1466856,5.829155270475894e-05,0.001,331,1263.94,366463,0.05,1334,992
-0.19999999999999996,1470835,2.5036219085450284e-05,0.001,332,1232.9,367458,0.05,1343,996
-0.19999999999999996,1476113,0.00015684701793361455,0.001,333,1219.26,368778,0.05,1355,1000
-0.19999999999999996,1481736,2.0753388525918126e-05,0.001,334,1216.52,370183,0.05,1367,1004
-0.19999999999999996,1485418,2.3051399693940766e-05,0.001,329,1188.91,371104,0.05,1402,1008
-0.19999999999999996,1490482,1.6667276213411242e-05,0.001,330,1180.22,372370,0.05,1413,1012
-0.19999999999999996,1495684,3.234190080547705e-05,0.001,330,1176.44,373670,0.05,1425,1016
-0.19999999999999996,1501878,1.5215551684377715e-05,0.001,332,1179.18,375219,0.05,1438,1020
-0.19999999999999996,1506564,2.3441487428499386e-05,0.001,332,1161.62,376390,0.05,1449,1024
-0.19999999999999996,1512321,3.38716090482194e-05,0.001,333,1154.51,377830,0.05,1462,1028
-0.19999999999999996,1517582,2.121545549016446e-05,0.001,334,1151.01,379145,0.05,1474,1032
-0.19999999999999996,1525435,1.5944830010994337e-05,0.001,336,1179.54,381108,0.05,1492,1036
-0.19999999999999996,1531781,3.164183726767078e-05,0.001,337,1194.51,382695,0.05,1505,1040
-0.19999999999999996,1537533,4.1758194129215553e-05,0.001,328,1205.87,384133,0.05,1563,1044
-0.19999999999999996,1543451,5.4375366744352505e-05,0.001,329,1222.14,385612,0.05,1576,1048
-0.19999999999999996,1548233,5.3527830459643155e-05,0.001,330,1230.81,386808,0.05,1587,1052
-0.19999999999999996,1554698,2.284330184920691e-05,0.001,331,1237.9,388424,0.05,1602,1056
-0.19999999999999996,1560807,1.3078649317321833e-05,0.001,332,1246.18,389951,0.05,1616,1060
-0.19999999999999996,1566294,5.200369923841208e-05,0.001,333,1263.74,391323,0.05,1628,1064
-0.19999999999999996,1572888,1.9140634321956895e-05,0.001,334,1283.83,392971,0.05,1642,1068
-0.19999999999999996,1579723,1.294521371164592e-05,0.001,335,1306.5,394680,0.05,1658,1072
-0.19999999999999996,1586715,2.265889816044364e-05,0.001,336,1338.16,396428,0.05,1673,1076
-0.19999999999999996,1592897,4.3930918764090165e-05,0.001,325,1361.54,397974,0.05,1749,1080
-0.19999999999999996,1599540,4.811849066754803e-05,0.001,326,1395.38,399634,0.05,1764,1084
-0.19999999999999996,1606245,0.00024989430676214397,0.001,327,1433.44,401311,0.05,1780,1088
-0.19999999999999996,1613490,6.355775258271024e-05,0.001,327,1466.34,403122,0.05,1797,1092
-0.19999999999999996,1620331,3.773266507778317e-05,0.001,328,1494.96,404832,0.05,1813,1096
-0.19999999999999996,1627726,1.7725367797538638e-05,0.001,329,1516.13,406681,0.05,1829,1100
-0.19999999999999996,1635236,2.326991489098873e-05,0.001,331,1535.0,408558,0.05,1846,1104
-0.19999999999999996,1640591,7.24276906112209e-05,0.001,321,1551.73,409897,0.05,1916,1108
-0.19999999999999996,1646887,5.1907900342484936e-05,0.001,322,1564.05,411471,0.05,1929,1112
-0.19999999999999996,1652963,2.3081951439962722e-05,0.001,323,1572.79,412990,0.05,1943,1116
-0.19999999999999996,1657570,1.8587144950288348e-05,0.001,324,1556.92,414142,0.05,1953,1120
-0.19999999999999996,1664127,1.787907604011707e-05,0.001,325,1575.63,415781,0.05,1968,1124
-0.19999999999999996,1671771,1.9302047803648748e-05,0.001,326,1594.5,417692,0.05,1985,1128
-0.19999999999999996,1678729,1.0227655366179533e-05,0.001,326,1611.47,419432,0.05,2002,1132
-0.19999999999999996,1684745,1.7326938177575357e-05,0.001,327,1593.1,420936,0.05,2017,1136
-0.19999999999999996,1691253,9.120018148678355e-06,0.001,319,1594.72,422563,0.05,2089,1140
-0.19999999999999996,1698836,1.615912333363667e-05,0.001,320,1613.03,424458,0.05,2105,1144
-0.19999999999999996,1704542,1.8145134163205512e-05,0.001,321,1610.91,425885,0.05,2118,1148
-0.19999999999999996,1711108,1.1236050340812653e-05,0.001,322,1628.75,427526,0.05,2133,1152
-0.19999999999999996,1717409,2.5632476535975002e-05,0.001,322,1627.11,429102,0.05,2147,1156
-0.19999999999999996,1724762,1.60028812388191e-05,0.001,323,1639.55,430940,0.05,2163,1160
-0.19999999999999996,1731019,1.6058691471698694e-05,0.001,324,1647.25,432504,0.05,2177,1164
-0.18799999999999997,1737433,1.2051727026118897e-05,0.001,325,1645.45,434108,0.05,2191,1168
-0.176,1744581,1.7346734239254147e-05,0.001,318,1648.58,435895,0.05,2260,1172
-0.17599999999999993,1751414,2.81688007817138e-05,0.001,319,1646.99,437603,0.05,2275,1176
-0.17599999999999993,1759094,5.96960990151274e-06,0.001,320,1661.97,439523,0.05,2292,1180
-0.17599999999999993,1763099,8.565556527173612e-06,0.001,321,1635.59,440524,0.05,2301,1184
-0.17599999999999993,1769352,2.9856279070372693e-05,0.001,321,1631.07,442087,0.05,2315,1188
-0.17599999999999993,1774015,2.0101711925235577e-05,0.001,322,1605.25,443253,0.05,2325,1192
-0.17599999999999993,1779487,8.780779171502218e-05,0.001,323,1591.56,444621,0.05,2338,1196
-0.17599999999999993,1784666,1.0137206118088216e-05,0.001,323,1569.4,445916,0.05,2349,1200
-0.17599999999999993,1790104,4.869706026511267e-05,0.001,324,1548.68,447275,0.05,2361,1204
-0.17599999999999993,1795587,5.7796743931248784e-05,0.001,317,1549.96,448646,0.05,2431,1208
-0.17599999999999993,1802241,1.580385651323013e-05,0.001,318,1553.54,450310,0.05,2445,1212
-0.17599999999999993,1809079,1.1925195394724142e-05,0.001,319,1561.16,452019,0.05,2460,1216
-0.17599999999999993,1815440,1.9725479432963766e-05,0.001,319,1578.7,453609,0.05,2474,1220
-0.17599999999999993,1820879,1.1630494554992765e-05,0.001,320,1567.52,454969,0.05,2487,1224
-0.17599999999999993,1827142,1.0820404895639513e-05,0.001,321,1553.71,456535,0.05,2501,1228
-0.17599999999999993,1832568,4.608718154486269e-05,0.001,321,1538.39,457891,0.05,2513,1232
-0.17599999999999993,1837439,3.1791023502592e-05,0.001,322,1526.94,459109,0.05,2524,1236
-0.17599999999999993,1841727,8.579817404097412e-06,0.001,322,1504.74,460181,0.05,2533,1240
-0.17599999999999993,1847329,4.320317384554073e-05,0.001,315,1484.93,461582,0.05,2609,1244
-0.17599999999999993,1852505,5.6043249060167e-05,0.001,316,1479.63,462876,0.05,2621,1248
-0.17599999999999993,1859580,2.2786758563597687e-05,0.001,316,1484.72,464644,0.05,2637,1252
-0.17599999999999993,1864634,0.00014407021808438003,0.001,317,1472.25,465908,0.05,2648,1256
-0.17599999999999993,1870442,2.375237272644881e-05,0.001,318,1456.8,467360,0.05,2660,1260
-0.17599999999999993,1875631,1.6683381545590237e-05,0.001,318,1446.12,468657,0.05,2673,1264
-0.18799999999999997,1881013,3.955670399591327e-05,0.001,319,1435.8,470003,0.05,2684,1268
-0.19999999999999996,1886808,7.773964898660779e-05,0.001,319,1422.27,471451,0.05,2697,1272
-0.19999999999999996,1892430,7.823633495718241e-05,0.001,320,1410.16,472857,0.05,2710,1276
-0.19999999999999996,1898802,1.7550730262883008e-05,0.001,314,1397.08,474450,0.05,2785,1280
-0.19999999999999996,1903798,2.2234678908716887e-05,0.001,314,1406.99,475699,0.05,2797,1284
-0.19999999999999996,1911647,5.007074651075527e-05,0.001,315,1422.95,477661,0.05,2814,1288
-0.19999999999999996,1917027,4.2150699300691485e-05,0.001,315,1430.12,479006,0.05,2826,1292
-0.19999999999999996,1922597,6.300272070802748e-05,0.001,316,1431.1,480399,0.05,2839,1296
-0.19999999999999996,1928420,0.0005237441509962082,0.001,316,1437.54,481854,0.05,2853,1300
-0.19999999999999996,1934802,0.00012099983723601326,0.001,317,1446.98,483450,0.05,2868,1304
-0.19999999999999996,1941306,0.00014053528138902038,0.001,318,1457.19,485076,0.05,2882,1308
-0.19999999999999996,1947534,0.00011403816461097449,0.001,312,1452.93,486633,0.05,2959,1312
-0.19999999999999996,1954608,9.723180119181052e-05,0.001,312,1455.29,488401,0.05,2974,1316
-0.19999999999999996,1960281,0.0001447109243599698,0.001,313,1448.41,489820,0.05,2988,1320
-0.18799999999999997,1966746,2.8859880330855958e-05,0.001,313,1458.67,491436,0.05,3003,1324
-0.18799999999999997,1973502,3.733518678927794e-05,0.001,314,1463.6,493125,0.05,3018,1328
-0.18799999999999997,1978404,0.00013007978850509971,0.001,315,1458.36,494350,0.05,3029,1332
-0.18799999999999997,1983459,9.221563232131302e-05,0.001,315,1460.2,495614,0.05,3041,1336
-0.18799999999999997,1990668,3.549464963725768e-05,0.001,316,1489.41,497416,0.05,3057,1340
-0.18799999999999997,1995187,2.752343971224036e-05,0.001,316,1478.58,498546,0.05,3067,1344
-0.18799999999999997,1999464,4.246330354362726e-05,0.001,311,1469.59,499615,0.05,3127,1348
-0.18799999999999997,2005525,5.26429976162035e-05,0.001,312,1459.45,501131,0.05,3142,1352
-0.18799999999999997,2009267,3.607368853408843e-05,0.001,312,1446.33,502066,0.05,3151,1356
-0.18799999999999997,2013426,3.4077111195074394e-05,0.001,313,1429.84,503106,0.05,3160,1360
-0.18799999999999997,2017449,5.8953814004780725e-05,0.001,313,1418.18,504112,0.05,3170,1364
-0.18799999999999997,2022373,0.00011929123138543218,0.001,313,1413.6,505343,0.05,3180,1368
-0.18799999999999997,2026424,7.270467904163525e-05,0.001,314,1396.16,506355,0.05,3189,1372
-0.18799999999999997,2030160,0.00010599450615700334,0.001,314,1377.3,507289,0.05,3198,1376
-0.18799999999999997,2034707,2.7348454750608653e-05,0.001,315,1359.05,508426,0.05,3208,1380
-0.18799999999999997,2039500,8.080958650680259e-05,0.001,315,1357.02,509624,0.05,3219,1384
-0.18799999999999997,2043821,9.831187344389036e-05,0.001,315,1321.74,510705,0.05,3229,1388
-0.18799999999999997,2047501,4.180119503871538e-05,0.001,316,1304.74,511625,0.05,3238,1392
