time/fps,time/time_elapsed,time/iterations,time/total_timesteps,train/learning_rate,rollout/ep_len_mean,rollout/ep_rew_mean,train/explained_variance,train/loss,train/entropy_loss,train/approx_kl,train/clip_fraction,train/policy_gradient_loss,train/n_updates,train/value_loss,train/clip_range
92,11,1,1024,,,,,,,,,,,,
167,12,2,2048,0.0003,1970.0,-0.2,0.18428713083267212,-0.03516058996319771,-2.191581866145134,0.010974951,0.05185546875,-0.00854852074990049,10,0.002599482874938985,0.2
232,13,3,3072,0.0003,1432.0,-0.2,0.775870680809021,-0.04587908834218979,-2.182003404200077,0.011647148,0.0484375,-0.00977553773263935,20,0.0008684321299369912,0.2
287,14,4,4096,0.0003,1432.0,-0.2,0.9438077807426453,-0.03357236087322235,-2.158930814266205,0.009745061,0.0548828125,-0.011820076241565402,30,0.0005005174988127692,0.2
334,15,5,5120,0.0003,1432.0,-0.2,0.9610092043876648,-0.06967825442552567,-2.149715204536915,0.013558529,0.1486328125,-0.02378899949253537,40,0.0004682654827774968,0.2
376,16,6,6144,0.0003,1534.25,-0.2,0.9515620470046997,-0.021030621603131294,-2.152280794084072,0.00883791,0.03505859375,-0.00983467573823873,50,0.0005695413685316453,0.2
410,17,7,7168,0.0003,1423.6,-0.2,0.5861716270446777,-0.04318429157137871,-2.145373110473156,0.009159414,0.09189453125,-0.010339490583282896,60,0.00177793776811086,0.2
439,18,8,8192,0.0003,1423.6,-0.2,0.7418015003204346,-0.035678740590810776,-2.154101552069187,0.012938382,0.1484375,-0.019762585312128066,70,0.0004916427021726122,0.2
468,19,9,9216,0.0003,1368.0,-0.19999999999999998,0.7361834049224854,-0.06436419486999512,-2.1593495085835457,0.011671961,0.138671875,-0.018039403209695593,80,0.0006799172839237144,0.2
493,20,10,10240,0.0003,1347.857142857143,-0.19999999999999998,0.9706938862800598,-0.07173994928598404,-2.13810460716486,0.013158616,0.16982421875,-0.022353044204646722,90,0.0005809381023027527,0.2
515,21,11,11264,0.0003,1320.625,-0.2,0.950167179107666,-0.014875782653689384,-2.1603041380643844,0.011092253,0.07646484375,-0.013505807804176585,100,0.0002793515898474652,0.2
537,22,12,12288,0.0003,1320.625,-0.2,0.9287428259849548,-0.024322479963302612,-2.141701985895634,0.011015724,0.08125,-0.015133807464735582,110,0.0007077888343701488,0.2
556,23,13,13312,0.0003,1371.4444444444443,-0.2,0.8864780068397522,-0.015657059848308563,-2.1338972061872483,0.008871405,0.0935546875,-0.018524229747708888,120,0.00041394688769287314,0.2
572,25,14,14336,0.0003,1384.9,-0.2,0.9330703616142273,-0.07847236096858978,-2.1104596853256226,0.010775933,0.10458984375,-0.01313096526573645,130,0.0002687742215130129,0.2
586,26,15,15360,0.0003,1385.2727272727273,-0.2,0.9183551669120789,-0.06416168063879013,-2.1004197612404822,0.010525072,0.08251953125,-0.012010445777559654,140,0.0002412734204199296,0.2
602,27,16,16384,0.0003,1385.2727272727273,-0.2,0.8873347043991089,-0.04610877111554146,-2.0643524676561356,0.013609445,0.1224609375,-0.012684820202412083,150,0.0006546532084939827,0.2
617,28,17,17408,0.0003,1380.6666666666667,-0.20000000000000004,0.8812583088874817,-0.07236890494823456,-2.041380776464939,0.0122431135,0.10390625,-0.016977813975245226,160,0.00023054748469348852,0.2
630,29,18,18432,0.0003,1376.8461538461538,-0.20000000000000004,0.9453600645065308,-0.03977266326546669,-2.0768201246857645,0.01129559,0.1087890625,-0.0123228594486136,170,0.000414194104496346,0.2
643,30,19,19456,0.0003,1379.5,-0.20000000000000004,0.924307644367218,-0.04899473115801811,-2.066350223124027,0.013019249,0.1349609375,-0.016533555381465705,180,0.00039854225806266184,0.2
653,31,20,20480,0.0003,1379.5,-0.20000000000000004,0.940914511680603,-0.03603031858801842,-2.0058223456144333,0.012952376,0.14677734375,-0.0219811815302819,190,0.00020772543618932104,0.2
662,32,21,21504,0.0003,1375.3333333333333,-0.20000000000000007,0.8880133628845215,0.0035549751482903957,-2.013558981567621,0.012122515,0.12236328125,-0.013564766006311402,200,0.00020288916164190596,0.2
672,33,22,22528,0.0003,1375.3333333333333,-0.20000000000000007,0.9620992541313171,-0.04751582071185112,-2.0451938226819038,0.010018451,0.08056640625,-0.009210288774920628,210,0.00034287527105334446,0.2
682,34,23,23552,0.0003,1439.4375,-0.2,0.9362339973449707,0.007813841104507446,-2.0789630368351935,0.012906175,0.1203125,-0.016336526355007663,220,0.00017146720190339693,0.2
691,35,24,24576,0.0003,1435.1764705882354,-0.2,0.8816521167755127,-0.03326506167650223,-2.0335056744515896,0.015222425,0.10634765625,-0.012270606606034563,230,0.0004405061216402828,0.2
698,36,25,25600,0.0003,1435.1764705882354,-0.2,0.8967277407646179,-0.042726196348667145,-2.0151045486330985,0.013139332,0.12412109375,-0.017290478624636306,240,0.0005480429679209919,0.2
706,37,26,26624,0.0003,1435.1764705882354,-0.2,0.8428032994270325,-0.03858348727226257,-2.026068444550037,0.010103133,0.07255859375,-0.014127036122954451,250,0.00023891081132205728,0.2
714,38,27,27648,0.0003,1488.8333333333333,-0.20000000000000004,0.9461828470230103,-0.04371039941906929,-1.8834268733859063,0.0107406285,0.07021484375,-0.009220323181943968,260,0.0002073268166896014,0.2
722,39,28,28672,0.0003,1476.7368421052631,-0.20000000000000004,0.7927696704864502,-0.056851066648960114,-1.9923372983932495,0.010146977,0.0984375,-0.013466170293395408,270,0.0004386185904877493,0.2
729,40,29,29696,0.0003,1470.5,-0.20000000000000004,0.9495071172714233,-0.03733132779598236,-2.0174552731215956,0.009418195,0.07724609375,-0.015365865331841633,280,0.00019710864926310024,0.2
735,41,30,30720,0.0003,1470.5,-0.20000000000000004,0.9740549921989441,-0.04332445189356804,-1.8144274219870566,0.014190979,0.17734375,-0.01594855963048758,290,8.679332374867954e-05,0.2
740,42,31,31744,0.0003,1463.2380952380952,-0.20000000000000004,0.8732395768165588,-0.05544131621718407,-2.002957811206579,0.013949856,0.1783203125,-0.01819418865488842,300,0.00018358078928031317,0.2
746,43,32,32768,0.0003,1456.909090909091,-0.20000000000000007,0.9764358997344971,-0.05625680834054947,-2.052225747704506,0.013323864,0.15419921875,-0.01856021654093638,310,5.52694913153573e-05,0.2
752,44,33,33792,0.0003,1456.909090909091,-0.20000000000000007,0.9500016570091248,-0.026780422776937485,-2.057038564234972,0.0069606598,0.06875,-0.013448763702763244,320,0.0001958918292530143,0.2
757,45,34,34816,0.0003,1497.9565217391305,-0.20000000000000007,0.7013998031616211,-0.04593025520443916,-1.9993750140070916,0.012630241,0.1876953125,-0.022193922073347493,330,0.00028014750046168047,0.2
761,47,35,35840,0.0003,1471.375,-0.20000000000000004,0.9457641839981079,-0.04451606422662735,-2.017936849594116,0.0098753385,0.06435546875,-0.014560101681854575,340,0.00012525054162324523,0.2
766,48,36,36864,0.0003,1460.28,-0.20000000000000004,0.8967840671539307,-0.058975961059331894,-2.113469284772873,0.010417372,0.0787109375,-0.020231570812757126,350,9.186408685764036e-05,0.2
772,49,37,37888,0.0003,1451.5384615384614,-0.20000000000000004,0.9253336787223816,-0.028110716491937637,-2.080250138044357,0.012496104,0.1193359375,-0.020672677863331046,360,0.00015186860346148024,0.2
777,50,38,38912,0.0003,1451.5384615384614,-0.20000000000000004,0.9500766396522522,-0.06457828730344772,-2.0667087391018866,0.010596329,0.09541015625,-0.019122737203724684,370,0.00012177348137356602,0.2
781,51,39,39936,0.0003,1451.5384615384614,-0.20000000000000004,0.8578386306762695,-0.06122371181845665,-2.0242747530341147,0.008354198,0.0486328125,-0.011301940775592812,380,7.887253603939825e-05,0.2
785,52,40,40960,0.0003,1486.7037037037037,-0.20000000000000004,0.9635047912597656,-0.03199703246355057,-2.0042746350169183,0.008469662,0.0576171875,-0.01018218524113763,390,5.95643156202641e-05,0.2
789,53,41,41984,0.0003,1476.5714285714287,-0.20000000000000004,0.9338274002075195,-0.03208628296852112,-2.0569778636097906,0.00903598,0.08720703125,-0.016229573573218657,400,8.267746662795616e-05,0.2
793,54,42,43008,0.0003,1465.6206896551723,-0.20000000000000007,0.9356091022491455,-0.0362686924636364,-2.082294577360153,0.008611156,0.0857421875,-0.013119569269474596,410,9.794551742743351e-05,0.2
797,55,43,44032,0.0003,1463.3,-0.20000000000000007,0.9468650817871094,-0.09824607521295547,-2.064142033457756,0.013323804,0.17734375,-0.023470540906419046,420,5.9069448451509746e-05,0.2
801,56,44,45056,0.0003,1463.3,-0.20000000000000007,0.9353569746017456,-0.004831815138459206,-2.0318163365125654,0.008464208,0.08623046875,-0.014956803688255605,430,9.241877988870328e-05,0.2
804,57,45,46080,0.0003,1462.0,-0.20000000000000007,0.9055291414260864,-0.0611470527946949,-1.9989658035337925,0.0114233745,0.12080078125,-0.01747351847880054,440,4.606425026736361e-05,0.2
806,58,46,47104,0.0003,1460.59375,-0.2,0.9389311671257019,-0.037200648337602615,-2.00477652028203,0.007051633,0.05732421875,-0.011933183307701257,450,0.00010674551999727555,0.2
806,59,47,48128,0.0003,1454.6363636363637,-0.2,0.9046075344085693,-0.04926963895559311,-1.9527898751199246,0.00877169,0.0837890625,-0.014273797621717677,460,9.384358692159367e-05,0.2
809,60,48,49152,0.0003,1435.0,-0.2,0.8967094421386719,-0.03206069394946098,-1.9901080690324306,0.009918457,0.1009765625,-0.013761166430776938,470,7.989898616642677e-05,0.2
812,61,49,50176,0.0003,1435.0,-0.2,0.6449870467185974,-0.08152832090854645,-1.9427890375256538,0.011727525,0.09775390625,-0.019922380529169458,480,5.1822317504957025e-05,0.2
815,62,50,51200,0.0003,1434.6,-0.20000000000000004,0.9554329514503479,-0.03308066725730896,-1.9460866898298264,0.011758985,0.13388671875,-0.0206397234054748,490,5.650144469200313e-05,0.2
671,77,51,52224,0.0003,1430.111111111111,-0.20000000000000004,0.9597858786582947,-0.010842759162187576,-1.9618182130157948,0.007769223,0.0861328125,-0.011756631755270064,500,3.202729785698466e-05,0.2
674,78,52,53248,0.0003,1425.2432432432433,-0.20000000000000004,0.9529274106025696,-0.06825131922960281,-2.0027965120971203,0.00914196,0.0837890625,-0.014019203829229809,510,7.006286589898991e-05,0.2
678,80,53,54272,0.0003,1410.342105263158,-0.20000000000000004,0.9418281316757202,-0.07959607988595963,-2.00784345343709,0.009032169,0.0939453125,-0.021819757579942235,520,5.85637274639339e-05,0.2
681,81,54,55296,0.0003,1410.342105263158,-0.20000000000000004,0.8066980838775635,-0.05833200365304947,-1.9679757803678513,0.0067564435,0.06904296875,-0.010581207554787397,530,6.709988010697999e-05,0.2
685,82,55,56320,0.0003,1435.7435897435898,-0.20000000000000004,0.8891727328300476,-0.051265984773635864,-1.988026187568903,0.017413065,0.17255859375,-0.019638554645644034,540,6.80808094330132e-05,0.2
688,83,56,57344,0.0003,1421.375,-0.2,0.9602338671684265,-0.03526588901877403,-1.9311290226876736,0.011891332,0.1255859375,-0.01055441580247134,550,0.00011639674579555503,0.2
690,84,57,58368,0.0003,1414.219512195122,-0.19999999999999998,0.8828429579734802,-0.016525914892554283,-1.9366140156984328,0.011002703,0.12431640625,-0.014618448526016436,560,5.060978739948041e-05,0.2
693,85,58,59392,0.0003,1400.7857142857142,-0.19999999999999996,0.9498960375785828,-0.013787535019218922,-1.9010530456900596,0.017164808,0.21259765625,-0.024778805288951843,570,4.334396366516558e-05,0.2
696,86,59,60416,0.0003,1398.860465116279,-0.19999999999999996,0.9269912838935852,-0.037883076816797256,-1.9493088714778424,0.016055081,0.171875,-0.015268229501089081,580,7.324940269199942e-05,0.2
699,87,60,61440,0.0003,1386.0,-0.19999999999999993,0.9627335667610168,-0.057351790368556976,-1.96693272665143,0.013183902,0.11103515625,-0.019973392988322302,590,6.211263259388033e-05,0.2
702,88,61,62464,0.0003,1372.911111111111,-0.19999999999999993,0.9556559324264526,-0.0402061827480793,-1.9205705799162387,0.0120909065,0.13056640625,-0.020072172483196482,600,3.810004567412761e-05,0.2
704,90,62,63488,0.0003,1363.2173913043478,-0.1999999999999999,0.9687932729721069,-0.0394476093351841,-1.9161259256303311,0.007875324,0.0935546875,-0.01508399347658269,610,3.6699531847261824e-05,0.2
707,91,63,64512,0.0003,1343.5416666666667,-0.19999999999999998,0.9722301363945007,-0.05355922132730484,-1.8973094671964645,0.00899315,0.10224609375,-0.0134430639911443,620,4.872608275263701e-05,0.2
710,92,64,65536,0.0003,1334.5510204081634,-0.19999999999999998,0.9760759472846985,-0.03975928574800491,-1.9512541554868221,0.013781263,0.14814453125,-0.01087422137206886,630,6.520446454487683e-05,0.2
712,93,65,66560,0.0003,1334.5510204081634,-0.19999999999999998,0.9747531414031982,-0.01577363722026348,-1.9475051693618297,0.008147388,0.04697265625,-0.00806583625380881,640,5.274019849821343e-05,0.2
715,94,66,67584,0.0003,1335.68,-0.19999999999999996,0.9784164428710938,-0.033989984542131424,-1.969886349886656,0.010079163,0.11123046875,-0.011445281759370119,650,4.092333765584044e-05,0.2
717,95,67,68608,0.0003,1335.764705882353,-0.19999999999999996,0.966278076171875,-0.02937052585184574,-1.8834787800908088,0.010062076,0.09287109375,-0.01692152619943954,660,6.731790260801062e-05,0.2
720,96,68,69632,0.0003,1327.076923076923,-0.19999999999999993,0.9891992807388306,-0.032265398651361465,-1.8847728945314883,0.009581937,0.0955078125,-0.015528614224604099,670,2.8222181384762735e-05,0.2
722,97,69,70656,0.0003,1327.076923076923,-0.19999999999999993,0.969862699508667,-0.04721228405833244,-1.9593153171241284,0.010330589,0.11083984375,-0.013022149744210764,680,3.464737829972364e-05,0.2
724,99,70,71680,0.0003,1347.3396226415093,-0.19999999999999993,0.9715534448623657,-0.059124112129211426,-1.9195201314985753,0.013088156,0.13154296875,-0.022892532468540595,690,5.757494963063436e-05,0.2
725,100,71,72704,0.0003,1338.962962962963,-0.19999999999999993,0.8743332624435425,-0.04838927835226059,-1.997538360208273,0.009564446,0.082421875,-0.016603410377865658,700,0.00012786586905804142,0.2
726,101,72,73728,0.0003,1330.2,-0.1999999999999999,0.9514749646186829,-0.02617219090461731,-1.9807123765349388,0.0076481677,0.06396484375,-0.012914651600294747,710,4.2270015723033796e-05,0.2
728,102,73,74752,0.0003,1324.875,-0.19999999999999998,0.975861668586731,-0.02092318795621395,-1.9537406012415885,0.0118129775,0.1025390625,-0.013071057814522646,720,2.9507334801337493e-05,0.2
729,103,74,75776,0.0003,1306.3103448275863,-0.19999999999999996,0.9568917155265808,-0.06352997571229935,-1.9812637530267239,0.009983687,0.08154296875,-0.018659522078814918,730,3.0586750779093566e-05,0.2
731,104,75,76800,0.0003,1306.3103448275863,-0.19999999999999996,0.9822925925254822,-0.02593214064836502,-1.9488105915486813,0.010541116,0.123046875,-0.016900017063017005,740,2.451870623758623e-05,0.2
733,106,76,77824,0.0003,1295.9333333333334,-0.19999999999999993,0.9913187026977539,-0.0490257665514946,-1.9337725155055523,0.011614495,0.14658203125,-0.01745900349051226,750,1.2406988585667022e-05,0.2
734,107,77,78848,0.0003,1286.8196721311476,-0.19999999999999993,0.9815163016319275,-0.04719077795743942,-1.9032968021929264,0.011097997,0.11142578125,-0.014233810943551362,760,2.7779372760505795e-05,0.2
736,108,78,79872,0.0003,1284.6451612903227,-0.19999999999999993,0.9883973598480225,-0.009024344384670258,-2.0063649900257587,0.012959342,0.1400390625,-0.02035652389167808,770,1.6147449758818767e-05,0.2
738,109,79,80896,0.0003,1283.4285714285713,-0.1999999999999999,0.9831377267837524,-0.044228676706552505,-1.9504475124180316,0.012030927,0.10927734375,-0.017027429569861852,780,1.5824810151343627e-05,0.2
739,110,80,81920,0.0003,1283.4285714285713,-0.1999999999999999,0.9812881946563721,-0.0683632344007492,-1.8605255216360093,0.010921086,0.0974609375,-0.01429090156161692,790,1.2966983459250513e-05,0.2
740,112,81,82944,0.0003,1282.234375,-0.19999999999999998,0.9821575880050659,-0.04392138123512268,-1.9174244038760662,0.014295211,0.143359375,-0.019441333471331746,800,1.2657196758425471e-05,0.2
741,113,82,83968,0.0003,1282.4,-0.19999999999999998,0.9854253530502319,-0.034713808447122574,-1.8952740505337715,0.011057874,0.13154296875,-0.016470822221890558,810,1.436224924589169e-05,0.2
743,114,83,84992,0.0003,1273.1515151515152,-0.19999999999999996,0.989687442779541,-0.006955206859856844,-1.807504766434431,0.009793478,0.05927734375,-0.007695173498359509,820,1.2867734884025595e-05,0.2
744,115,84,86016,0.0003,1274.2089552238806,-0.19999999999999996,0.9673658013343811,-0.07674064487218857,-1.8560179524123668,0.011879427,0.1326171875,-0.019386109354672953,830,3.430595427289518e-05,0.2
745,116,85,87040,0.0003,1276.1911764705883,-0.19999999999999996,0.9879693388938904,-0.041183702647686005,-1.792409035563469,0.011316568,0.1046875,-0.015608761576004326,840,1.0976431153153498e-05,0.2
746,117,86,88064,0.0003,1268.840579710145,-0.19999999999999993,0.9880467653274536,-0.02381017431616783,-1.8035267129540444,0.009537727,0.12705078125,-0.01619031150767114,850,1.5848188343170478e-05,0.2
746,119,87,89088,0.0003,1261.1142857142856,-0.19999999999999993,0.9805659055709839,-0.029594717547297478,-1.8809379525482655,0.011716284,0.1423828125,-0.016497407201677562,860,1.3618882820765067e-05,0.2
746,120,88,90112,0.0003,1261.1830985915492,-0.19999999999999993,0.9809433221817017,-0.06309603899717331,-1.8846935853362083,0.00987971,0.10810546875,-0.014809083902218845,870,3.621167574863193e-05,0.2
745,122,89,91136,0.0003,1247.5479452054794,-0.19999999999999998,0.9832852482795715,-0.031424518674612045,-1.8567377485334873,0.012909306,0.11884765625,-0.015868360621971077,880,2.1216273526647456e-05,0.2
745,123,90,92160,0.0003,1241.7162162162163,-0.19999999999999996,0.9840343594551086,-0.06576467305421829,-1.8751830607652664,0.009239708,0.09755859375,-0.016603856231085956,890,1.412129187770006e-05,0.2
745,124,91,93184,0.0003,1234.88,-0.19999999999999996,0.9905076622962952,-0.08759281784296036,-1.9103022038936615,0.011131779,0.15087890625,-0.023341290891403334,900,9.058055654520559e-06,0.2
744,126,92,94208,0.0003,1236.0526315789473,-0.19999999999999996,0.9880913496017456,-0.03064940869808197,-1.894009593874216,0.009896845,0.1142578125,-0.02031038565619383,910,1.1501618411102755e-05,0.2
745,127,93,95232,0.0003,1236.0526315789473,-0.19999999999999996,0.9839034676551819,-0.040691033005714417,-1.858648407459259,0.010881089,0.08193359375,-0.008402891151490621,920,1.1713303456417634e-05,0.2
746,128,94,96256,0.0003,1238.025974025974,-0.19999999999999993,0.980374813079834,-0.051122453063726425,-1.8934819415211677,0.010938982,0.14580078125,-0.013166063418611883,930,5.083464078836642e-06,0.2
747,130,95,97280,0.0003,1238.025974025974,-0.19999999999999993,0.9869258403778076,-0.060046929866075516,-1.9023195654153824,0.010730345,0.10322265625,-0.015731365262763575,940,8.677762697573143e-06,0.2
748,131,96,98304,0.0003,1252.9358974358975,-0.19999999999999993,0.9277041554450989,-0.05574410408735275,-1.7970842763781547,0.0103573045,0.078125,-0.014311344269663096,950,5.425080251768577e-05,0.2
749,132,97,99328,0.0003,1248.4050632911392,-0.19999999999999993,0.9719218611717224,-0.030590368434786797,-1.9372382268309594,0.009632524,0.10419921875,-0.015542244873358868,960,1.387911625556626e-05,0.2
750,133,98,100352,0.0003,1248.4050632911392,-0.19999999999999993,0.976153552532196,-0.057395339012145996,-1.934468212723732,0.010093387,0.075390625,-0.007641936701838858,970,8.692431100598696e-06,0.2
751,134,99,101376,0.0003,1262.8125,-0.19999999999999998,0.9805817604064941,-0.08142634481191635,-1.8098418310284614,0.012115583,0.123828125,-0.016495834922534414,980,2.0084744696191593e-05,0.2
752,136,100,102400,0.0003,1257.6666666666667,-0.19999999999999998,0.9712889194488525,-0.05097179114818573,-1.7980125837028027,0.011773627,0.08818359375,-0.009479504893533885,990,2.2952019639888023e-05,0.2
686,150,101,103424,0.0003,1252.378048780488,-0.19999999999999998,0.970064640045166,-0.01973552815616131,-1.9086963355541229,0.009523589,0.07236328125,-0.018187941735959612,1000,1.1461122974765204e-05,0.2
688,151,102,104448,0.0003,1247.9156626506024,-0.19999999999999998,0.9820017218589783,-0.027091076597571373,-1.9335124872624874,0.011598134,0.1251953125,-0.01550498922879342,1010,6.949868117800406e-06,0.2
689,152,103,105472,0.0003,1240.0,-0.19999999999999996,0.9896640777587891,-0.05864635109901428,-1.9057840012013911,0.010851756,0.11416015625,-0.017808058620721566,1020,6.308401223975579e-06,0.2
690,154,104,106496,0.0003,1236.0,-0.19999999999999996,0.9909222722053528,-0.012395142577588558,-1.8992378376424313,0.010123057,0.09287109375,-0.012986835361516569,1030,1.04380513349156e-05,0.2
691,155,105,107520,0.0003,1233.0,-0.19999999999999996,0.9894391894340515,-0.05346637964248657,-1.869552530348301,0.011778267,0.1599609375,-0.015678244506125337,1040,1.5489516610500686e-05,0.2
693,156,106,108544,0.0003,1229.4431818181818,-0.19999999999999998,0.9861118197441101,-0.012386461719870567,-1.8449667438864708,0.009363893,0.10322265625,-0.01392286227637669,1050,1.0388806857974942e-05,0.2
695,157,107,109568,0.0003,1225.8426966292134,-0.19999999999999996,0.9929410219192505,-0.024273402988910675,-1.8711290664970874,0.011919605,0.1123046875,-0.014451887778704986,1060,7.079652380070911e-06,0.2
697,158,108,110592,0.0003,1228.388888888889,-0.19999999999999996,0.9938707947731018,-0.0420244038105011,-1.8433102011680602,0.008344134,0.0822265625,-0.013685776261263527,1070,5.258364562621409e-06,0.2
698,159,109,111616,0.0003,1224.3516483516485,-0.19999999999999996,0.9751197099685669,-0.017530258744955063,-1.748988900333643,0.009842157,0.11669921875,-0.013403115677647293,1080,1.4661140622251877e-05,0.2
700,160,110,112640,0.0003,1219.391304347826,-0.19999999999999996,0.9925200343132019,-0.07023198902606964,-1.8447834625840187,0.012209583,0.09453125,-0.01915883902402129,1090,6.99765868432678e-06,0.2
701,161,111,113664,0.0003,1215.9354838709678,-0.19999999999999993,0.9948605895042419,-0.07647863030433655,-1.8314570300281048,0.012845721,0.16015625,-0.020588990394026042,1100,5.01617129486931e-06,0.2
703,162,112,114688,0.0003,1211.4574468085107,-0.19999999999999993,0.9969988465309143,-0.005969603545963764,-1.8396573171019555,0.0107078245,0.1291015625,-0.017130470037227497,1110,7.059253118768538e-06,0.2
705,164,113,115712,0.0003,1213.9263157894736,-0.19999999999999993,0.9950947761535645,-0.04859885200858116,-1.8297856897115707,0.010553971,0.13525390625,-0.015118758426979184,1120,1.0840707528814163e-05,0.2
707,165,114,116736,0.0003,1209.5104166666667,-0.19999999999999998,0.991239070892334,-0.04915754124522209,-1.743621115386486,0.008838911,0.07763671875,-0.010609999622101896,1130,8.645052446354384e-06,0.2
708,166,115,117760,0.0003,1211.041237113402,-0.19999999999999998,0.9903464913368225,-0.044364798814058304,-1.8420744933187962,0.009356419,0.1021484375,-0.02127819352899678,1140,6.299463245085235e-06,0.2
710,167,116,118784,0.0003,1207.1326530612246,-0.19999999999999998,0.9935141801834106,-0.03776000067591667,-1.6762825578451157,0.012272006,0.1248046875,-0.011368922653491608,1150,1.0993060740815963e-05,0.2
712,168,117,119808,0.0003,1208.6464646464647,-0.19999999999999998,0.9921808838844299,-0.03749837726354599,-1.808420266956091,0.012540186,0.17109375,-0.01656499167147558,1160,7.65120792678431e-06,0.2
713,169,118,120832,0.0003,1208.6464646464647,-0.19999999999999998,0.9927330017089844,-0.019833698868751526,-1.6631390944123268,0.0114586055,0.09404296875,-0.01096431005280465,1170,6.35246414688595e-06,0.2
715,170,119,121856,0.0003,1210.49,-0.19999999999999996,0.9951437711715698,-0.05350193381309509,-1.739700612425804,0.0110634,0.10029296875,-0.014004370992188342,1180,5.161770306472135e-06,0.2
717,171,120,122880,0.0003,1205.03,-0.19999999999999996,0.9913600087165833,-0.05510132759809494,-1.7229360453784466,0.014547823,0.1537109375,-0.0195121641154401,1190,1.3258711119590316e-05,0.2
718,172,121,123904,0.0003,1203.42,-0.19999999999999996,0.9910910129547119,-0.046954188495874405,-1.6232272796332836,0.0130432695,0.15224609375,-0.015173294441774487,1200,8.181565966225435e-06,0.2
720,173,122,124928,0.0003,1192.74,-0.19999999999999996,0.9935435056686401,-0.027425823733210564,-1.7785240210592748,0.007326782,0.06708984375,-0.013069289224222302,1210,6.311627277000298e-06,0.2
721,174,123,125952,0.0003,1192.03,-0.19999999999999996,0.9944550395011902,-0.06467754393815994,-1.679684330523014,0.015537183,0.18623046875,-0.018321616610046478,1220,5.789923909560457e-06,0.2
723,175,124,126976,0.0003,1190.14,-0.19999999999999996,0.9868521690368652,-0.05337611585855484,-1.7908591337502002,0.008570483,0.0974609375,-0.013351540418807418,1230,8.085539468538627e-06,0.2
725,176,125,128000,0.0003,1189.86,-0.19999999999999996,0.9955490827560425,-0.05235915258526802,-1.7320769742131232,0.013767469,0.189453125,-0.015388954235822894,1240,8.23094665491908e-06,0.2
726,177,126,129024,0.0003,1187.38,-0.19999999999999996,0.995523989200592,-0.025550412014126778,-1.738632933795452,0.012778604,0.17216796875,-0.024474247300531715,1250,4.421854281133619e-06,0.2
728,178,127,130048,0.0003,1175.42,-0.19999999999999996,0.9784072637557983,-0.0566827766597271,-1.7357084549963475,0.012268854,0.13759765625,-0.012545862625120207,1260,1.4692792913706398e-05,0.2
729,179,128,131072,0.0003,1167.88,-0.19999999999999996,0.9916837215423584,-0.04934253543615341,-1.8634775057435036,0.012002338,0.10087890625,-0.01391981215274427,1270,6.3069894217449015e-06,0.2
730,180,129,132096,0.0003,1162.14,-0.19999999999999996,0.9916737675666809,-0.035588495433330536,-1.827493040263653,0.0127084255,0.14091796875,-0.01861125836148858,1280,3.7074392004399216e-06,0.2
731,181,130,133120,0.0003,1157.81,-0.19999999999999996,0.9951307773590088,-0.05735929310321808,-1.7844000726938247,0.011491438,0.228515625,-0.027309819817310198,1290,3.085144746961532e-06,0.2
732,183,131,134144,0.0003,1154.67,-0.19999999999999996,0.9920981526374817,-0.04142853245139122,-1.7787412077188491,0.0123136435,0.15546875,-0.017146808397956192,1300,4.257701981202899e-06,0.2
733,184,132,135168,0.0003,1150.05,-0.19999999999999996,0.9959571957588196,-0.06378774344921112,-1.7630164116621017,0.011673623,0.1470703125,-0.01699776730965823,1310,3.1395538655942802e-06,0.2
734,185,133,136192,0.0003,1147.49,-0.19999999999999996,0.9945917129516602,-0.029126353561878204,-1.7325612537562847,0.01433927,0.1703125,-0.01674096217029728,1320,4.147179242863785e-06,0.2
735,186,134,137216,0.0003,1134.6,-0.19999999999999996,0.9921532273292542,-0.0232379287481308,-1.7263806104660033,0.01095607,0.15498046875,-0.017104841640684754,1330,6.08153755905505e-06,0.2
736,187,135,138240,0.0003,1134.6,-0.19999999999999996,0.9907479286193848,-0.05190411955118179,-1.5988934725522994,0.010487171,0.134765625,-0.01454270210233517,1340,1.2891706403195257e-05,0.2
737,188,136,139264,0.0003,1144.94,-0.19999999999999996,0.7961739301681519,0.0009310829336754978,-1.6064885891973972,0.020696804,0.2064453125,-0.021409893041709437,1350,2.8905180144533915e-05,0.2
739,189,137,140288,0.0003,1144.94,-0.19999999999999996,0.9725484251976013,-0.031219525262713432,-1.1219942834228278,0.020382566,0.12255859375,-0.012295813864329829,1360,7.043423943287053e-05,0.2
740,190,138,141312,0.0003,1137.33,-0.19999999999999996,0.9618446826934814,-0.02727423794567585,-1.651217082887888,0.014278613,0.121484375,-0.014809806499397383,1370,9.376144275563547e-06,0.2
741,191,139,142336,0.0003,1140.78,-0.19999999999999996,0.9799602627754211,-0.048455238342285156,-1.7095746979117394,0.012297311,0.1591796875,-0.018474333916674367,1380,9.275282944543051e-06,0.2
743,192,140,143360,0.0003,1140.78,-0.19999999999999996,0.983473539352417,-0.004823066294193268,-1.742546733468771,0.011235988,0.1337890625,-0.018282950375578366,1390,8.752076399787257e-06,0.2
744,193,141,144384,0.0003,1142.29,-0.19999999999999996,0.9815952777862549,-0.014821290038526058,-1.6985373474657535,0.010184359,0.126953125,-0.012311017990577966,1400,4.9632383039011074e-06,0.2
745,194,142,145408,0.0003,1141.5,-0.19999999999999996,0.9921170473098755,-0.060458749532699585,-1.8157187543809414,0.01074977,0.12744140625,-0.015335064445389434,1410,4.0057661500725315e-06,0.2
747,195,143,146432,0.0003,1140.28,-0.19999999999999996,0.9874879717826843,-0.032659273594617844,-1.7773945495486259,0.0070723426,0.09140625,-0.017267548138624987,1420,8.465778672928082e-06,0.2
748,196,144,147456,0.0003,1129.89,-0.19999999999999996,0.9858802556991577,-0.051165733486413956,-1.8005274631083013,0.009780899,0.084375,-0.017236396661610344,1430,1.9124229352485146e-05,0.2
749,198,145,148480,0.0003,1129.89,-0.19999999999999996,0.9111505746841431,-0.038674868643283844,-1.75507832467556,0.0126841515,0.13857421875,-0.019823308524792083,1440,2.1808590024363638e-05,0.2
751,199,146,149504,0.0003,1138.87,-0.19999999999999996,0.9839980006217957,-0.04223671928048134,-1.7902797132730484,0.012460858,0.1037109375,-0.01864607688912656,1450,1.3050633197053684e-05,0.2
752,200,147,150528,0.0003,1137.64,-0.19999999999999996,0.979604959487915,-0.021344123408198357,-1.1877655748277902,0.00902592,0.0591796875,-0.008027625712566077,1460,2.531339570595037e-05,0.2
753,201,148,151552,0.0003,1135.8,-0.19999999999999996,0.9886184334754944,-0.0692899152636528,-1.8805936366319655,0.009478374,0.10625,-0.018937190677388572,1470,4.7915527595421285e-06,0.2
754,202,149,152576,0.0003,1122.47,-0.19999999999999996,0.9912285804748535,-0.030095165595412254,-1.8893065311014652,0.010810442,0.11650390625,-0.017475835798541083,1480,3.5916981588002273e-06,0.2
755,203,150,153600,0.0003,1120.29,-0.19999999999999996,0.9945567846298218,-0.04479072988033295,-1.8552543692290784,0.0076830112,0.09140625,-0.01702180481806863,1490,4.533458696442949e-06,0.2
710,217,151,154624,0.0003,1119.38,-0.19999999999999996,0.9958786368370056,-0.035703547298908234,-1.9027132742106914,0.008929431,0.09755859375,-0.015628134965663776,1500,3.3062451585408326e-06,0.2
711,218,152,155648,0.0003,1119.38,-0.19999999999999996,0.9944166541099548,-0.050989165902137756,-1.8968778237700463,0.010523703,0.12470703125,-0.018847541391733103,1510,7.695657651396459e-06,0.2
712,219,153,156672,0.0003,1119.06,-0.19999999999999996,0.9756620526313782,0.0006848857156001031,-1.8603053852915763,0.009460992,0.07734375,-0.009320388415653724,1520,6.807267033082098e-06,0.2
714,220,154,157696,0.0003,1117.58,-0.19999999999999996,0.9939635992050171,-0.047402240335941315,-1.8604022189974785,0.010246979,0.108203125,-0.016482964280294256,1530,8.381671365498278e-06,0.2
715,221,155,158720,0.0003,1116.37,-0.19999999999999996,0.9837027192115784,-0.023032555356621742,-1.60133515894413,0.014679372,0.14775390625,-0.010316772855003365,1540,2.4865184087730086e-05,0.2
716,222,156,159744,0.0003,1114.47,-0.19999999999999996,0.9609346389770508,-0.04182750731706619,-1.8090806871652603,0.007963303,0.0958984375,-0.015515723288990558,1550,2.1732566585797032e-05,0.2
717,223,157,160768,0.0003,1119.0,-0.19999999999999996,0.9801012873649597,-0.048526179045438766,-1.859575392305851,0.012612694,0.133984375,-0.013941117300419137,1560,8.42197466113248e-06,0.2
718,225,158,161792,0.0003,1115.75,-0.19999999999999996,0.9763559699058533,-0.06102447211742401,-1.830032754689455,0.016695082,0.17841796875,-0.017369596907519734,1570,9.179521684643533e-06,0.2
719,226,159,162816,0.0003,1112.88,-0.19999999999999996,0.9912452697753906,-0.05476236715912819,-1.828985445201397,0.010154837,0.133984375,-0.013388052134541795,1580,5.6360882865647e-06,0.2
720,227,160,163840,0.0003,1110.33,-0.19999999999999996,0.9941740036010742,-0.05970596522092819,-1.8667585909366609,0.017126638,0.17490234375,-0.017913056191173383,1590,3.5076018065183233e-06,0.2
721,228,161,164864,0.0003,1110.94,-0.19999999999999996,0.9963985681533813,-0.02911413088440895,-1.9120464026927948,0.0125479875,0.1619140625,-0.024930457296431997,1600,3.3000675330185913e-06,0.2
723,229,162,165888,0.0003,1095.87,-0.19999999999999996,0.9966177940368652,-0.03394971415400505,-1.8808215260505676,0.011444293,0.1470703125,-0.02255640102084726,1610,2.167043726686302e-06,0.2
724,230,163,166912,0.0003,1096.88,-0.19999999999999996,0.9974151253700256,-0.031461331993341446,-1.9205344177782535,0.011470705,0.11650390625,-0.01840795915632043,1620,3.442392459618304e-06,0.2
725,231,164,167936,0.0003,1096.63,-0.19999999999999996,0.9973597526550293,-0.01434832252562046,-1.8795359782874583,0.011423545,0.108984375,-0.01485154209076427,1630,3.143051711873568e-06,0.2
726,232,165,168960,0.0003,1096.63,-0.19999999999999996,0.9980339407920837,-0.05937086045742035,-1.8256885312497615,0.01220895,0.1603515625,-0.0182136583753163,1640,2.2878024989125834e-06,0.2
727,233,166,169984,0.0003,1103.88,-0.19999999999999996,0.9773306250572205,-0.0298087727278471,-1.7921533778309822,0.009778342,0.12421875,-0.01640685651800595,1650,1.060024128207715e-05,0.2
729,234,167,171008,0.0003,1107.41,-0.19999999999999996,0.9565611481666565,-0.03260841220617294,-1.758469794690609,0.011144424,0.1171875,-0.015444675303297118,1660,3.1348987897672485e-05,0.2
730,235,168,172032,0.0003,1109.91,-0.19999999999999996,0.9699859023094177,-0.03228006511926651,-1.4833517290651799,0.010682969,0.121484375,-0.01673419348662719,1670,2.3028071984754207e-05,0.2
731,236,169,173056,0.0003,1109.91,-0.19999999999999996,0.9855961799621582,-0.03769231215119362,-1.8087057061493397,0.011154536,0.1607421875,-0.021935294943978077,1680,6.5868873953434106e-06,0.2
732,237,170,174080,0.0003,1113.59,-0.19999999999999996,0.9972012639045715,-0.019609849900007248,-1.8011267945170402,0.011835122,0.17705078125,-0.018524193321354687,1690,2.242403022734152e-06,0.2
733,238,171,175104,0.0003,1117.38,-0.19999999999999996,0.9967337250709534,-0.01470913179218769,-1.7372456431388854,0.01629759,0.17392578125,-0.019838657596847043,1700,1.9506910174271754e-06,0.2
734,239,172,176128,0.0003,1121.13,-0.19999999999999996,0.9929176568984985,-0.043622441589832306,-1.8123055011034013,0.008732951,0.07333984375,-0.017989824639516882,1710,7.2995601513525795e-06,0.2
735,240,173,177152,0.0003,1126.33,-0.19999999999999996,0.9955217838287354,-0.06255655735731125,-1.8162138119339943,0.010393273,0.135546875,-0.019594610814237967,1720,3.451093764539337e-06,0.2
736,241,174,178176,0.0003,1126.33,-0.19999999999999996,0.9891582727432251,-0.04669981449842453,-1.7220925107598304,0.013204234,0.17333984375,-0.01718695756280795,1730,8.744720183528898e-06,0.2
738,242,175,179200,0.0003,1126.33,-0.19999999999999996,0.9963147044181824,-0.038914792239665985,-1.7613055355846883,0.007815876,0.0744140625,-0.013858020809129812,1740,2.673015429976999e-06,0.2
739,243,176,180224,0.0003,1140.43,-0.19999999999999996,0.9766247272491455,-0.04320811852812767,-1.3326547548174859,0.011296837,0.14189453125,-0.017227092664688824,1750,2.338948381748196e-05,0.2
740,244,177,181248,0.0003,1140.43,-0.19999999999999996,0.9941768050193787,-0.010172171518206596,-1.4714692831039429,0.026805447,0.10731907894736842,-0.006871790478104039,1753,8.633941385931776e-06,0.2
741,245,178,182272,0.0003,1148.31,-0.19999999999999996,0.9809579253196716,-0.06093906983733177,-1.6218821056187154,0.009841054,0.12724609375,-0.012573646125383675,1763,1.242446642777395e-05,0.2
742,246,179,183296,0.0003,1149.59,-0.19999999999999996,0.9890820980072021,-0.008273779414594173,-1.2658651389181614,0.022262353,0.19169921875,-0.010850723489420488,1773,1.2678342207550486e-05,0.2
743,247,180,184320,0.0003,1152.11,-0.19999999999999996,0.997287929058075,-0.07728512585163116,-1.7287950605154037,0.014951611,0.1294921875,-0.018931108989636413,1783,2.378494038879353e-06,0.2
744,248,181,185344,0.0003,1139.28,-0.19999999999999996,0.9924794435501099,-0.07185838371515274,-1.7214635983109474,0.008914504,0.1345703125,-0.01600218443199992,1793,5.115496283281118e-06,0.2
745,249,182,186368,0.0003,1140.04,-0.19999999999999996,0.9957971572875977,-0.036546193063259125,-1.6911467894911767,0.012627013,0.13349609375,-0.01836607194854878,1803,3.6664992911994433e-06,0.2
746,250,183,187392,0.0003,1141.67,-0.19999999999999996,0.9960020780563354,-0.03622354939579964,-1.6935542233288288,0.009173203,0.0861328125,-0.013071493947063573,1813,1.630778741414929e-05,0.2
747,252,184,188416,0.0003,1141.17,-0.19999999999999996,0.9973307251930237,-0.05359312891960144,-1.6621038772165775,0.011658644,0.10732421875,-0.016592303627112413,1823,4.554652890575994e-06,0.2
748,253,185,189440,0.0003,1142.88,-0.19999999999999996,0.9975570440292358,-0.06573701649904251,-1.5921580985188484,0.010316621,0.10224609375,-0.01744515757309273,1833,3.1715811982024888e-06,0.2
749,254,186,190464,0.0003,1144.93,-0.19999999999999996,0.9981045722961426,-0.05190310254693031,-1.6066065803170204,0.008205092,0.087890625,-0.012699408174376004,1843,1.385542919507543e-06,0.2
750,255,187,191488,0.0003,1142.29,-0.19999999999999996,0.9938163757324219,-0.04363130405545235,-1.5870838090777397,0.009389947,0.08955078125,-0.0199637288285885,1853,3.163925608618001e-06,0.2
751,256,188,192512,0.0003,1145.4,-0.19999999999999996,0.9985566735267639,-0.07886834442615509,-1.6027643650770187,0.011654651,0.16826171875,-0.02098243594809901,1863,1.0828827793574193e-06,0.2
752,257,189,193536,0.0003,1147.25,-0.19999999999999996,0.998116672039032,-0.017663197591900826,-1.6236319176852703,0.008772638,0.0810546875,-0.01324034389690496,1873,1.4906198167352613e-06,0.2
753,258,190,194560,0.0003,1145.38,-0.19999999999999996,0.998792290687561,-0.020950179547071457,-1.555603788793087,0.0119087575,0.1287109375,-0.015230102877831086,1883,1.3687538011453171e-06,0.2
754,259,191,195584,0.0003,1144.81,-0.19999999999999996,0.998454213142395,-0.06318517029285431,-1.5730877190828323,0.008279413,0.09169921875,-0.013178251101635396,1893,1.5736874342309192e-06,0.2
755,260,192,196608,0.0003,1143.22,-0.19999999999999996,0.9980286955833435,-0.0565340518951416,-1.5689163617789745,0.010349069,0.10439453125,-0.01096082539879717,1903,3.561825261400031e-06,0.2
756,261,193,197632,0.0003,1140.32,-0.19999999999999996,0.9979671835899353,-0.03022114932537079,-1.5733395889401436,0.010777274,0.13525390625,-0.01753045826044399,1913,6.598431352600187e-06,0.2
757,262,194,198656,0.0003,1143.79,-0.19999999999999996,0.9957947731018066,-0.02605883777141571,-1.5571404069662094,0.0099978065,0.10888671875,-0.012246567994588986,1923,3.3054510630847744e-06,0.2
758,263,195,199680,0.0003,1140.57,-0.19999999999999996,0.9986357688903809,-0.02716570347547531,-1.5170748606324196,0.010924999,0.12314453125,-0.016850540842278862,1933,1.1360813111593871e-06,0.2
759,264,196,200704,0.0003,1136.34,-0.19999999999999996,0.998659610748291,-0.03579188883304596,-1.5351080752909183,0.0161224,0.1705078125,-0.01632991825172212,1943,1.2098876586819074e-06,0.2
759,265,197,201728,0.0003,1138.69,-0.19999999999999996,0.9985694289207458,-0.03987189009785652,-1.5430357210338115,0.013759444,0.17919921875,-0.021976140976767054,1953,1.3308599488226492e-06,0.2
760,266,198,202752,0.0003,1142.92,-0.19999999999999996,0.9980980157852173,-0.06327278167009354,-1.5628464557230473,0.009534888,0.1130859375,-0.012454054015688599,1963,4.945314499593678e-06,0.2
760,267,199,203776,0.0003,1140.54,-0.19999999999999996,0.9976537823677063,-0.022450130432844162,-1.534531693160534,0.00895695,0.13544921875,-0.010850043868413196,1973,3.158222604930927e-05,0.2
761,268,200,204800,0.0003,1144.45,-0.19999999999999996,0.998357892036438,-0.04819110408425331,-1.4990232855081558,0.014494036,0.17734375,-0.02047856624412816,1983,1.0908373841544972e-06,0.2
